Date,Time,Currency,Event Name,Impact
2019-01-03,10:00am,USD,ISM Manufacturing PMI,High Impact Expected
2019-01-04,10:15am,USD,FOMC Member Powell Speaks,High Impact Expected
2019-01-04,8:30am,USD,Average Hourly Earnings m/m,High Impact Expected
2019-01-04,8:30am,USD,Non-Farm Employment Change,High Impact Expected
2019-01-04,8:30am,USD,Unemployment Rate,High Impact Expected
2019-01-07,10:00am,USD,ISM Services PMI,High Impact Expected
2019-01-08,9:00pm,USD,President Trump Speaks,High Impact Expected
2019-01-09,2:00pm,USD,FOMC Meeting Minutes,High Impact Expected
2019-01-10,12:45pm,USD,FOMC Member Powell Speaks,High Impact Expected
2019-01-11,8:30am,USD,CPI m/m,High Impact Expected
2019-01-11,8:30am,USD,CPI y/y,High Impact Expected
2019-01-11,8:30am,USD,Core CPI m/m,High Impact Expected
2019-01-11,8:30am,USD,Core CPI y/y,High Impact Expected
2019-01-15,8:30am,USD,PPI m/m,High Impact Expected
2019-01-25,1:30pm,USD,President Trump Speaks,High Impact Expected
2019-01-29,10:00am,USD,CB Consumer Confidence,High Impact Expected
2019-01-30,2:00pm,USD,FOMC Statement,High Impact Expected
2019-01-30,2:00pm,USD,Federal Funds Rate,High Impact Expected
2019-01-30,2:30pm,USD,FOMC Press Conference,High Impact Expected
2019-02-01,10:00am,USD,ISM Manufacturing PMI,High Impact Expected
2019-02-01,8:30am,USD,Average Hourly Earnings m/m,High Impact Expected
2019-02-01,8:30am,USD,Non-Farm Employment Change,High Impact Expected
2019-02-01,8:30am,USD,Unemployment Rate,High Impact Expected
2019-02-05,10:00am,USD,ISM Services PMI,High Impact Expected
2019-02-05,9:00pm,USD,President Trump Speaks,High Impact Expected
2019-02-06,7:00pm,USD,FOMC Member Powell Speaks,High Impact Expected
2019-02-12,12:45pm,USD,FOMC Member Powell Speaks,High Impact Expected
2019-02-13,8:30am,USD,CPI m/m,High Impact Expected
2019-02-13,8:30am,USD,CPI y/y,High Impact Expected
2019-02-13,8:30am,USD,Core CPI m/m,High Impact Expected
2019-02-13,8:30am,USD,Core CPI y/y,High Impact Expected
2019-02-14,8:30am,USD,Core Retail Sales m/m,High Impact Expected
2019-02-14,8:30am,USD,PPI m/m,High Impact Expected
2019-02-14,8:30am,USD,Retail Sales m/m,High Impact Expected
2019-02-20,2:00pm,USD,FOMC Meeting Minutes,High Impact Expected
2019-02-21,8:30am,USD,Core Durable Goods Orders m/m,High Impact Expected
2019-02-26,10:00am,USD,CB Consumer Confidence,High Impact Expected
2019-02-26,9:45am,USD,Fed Chairman Powell Testifies,High Impact Expected
2019-02-27,10:00am,USD,Fed Chairman Powell Testifies,High Impact Expected
2019-02-28,8:15pm,USD,FOMC Member Powell Speaks,High Impact Expected
2019-02-28,8:30am,USD,Advance GDP q/q,High Impact Expected
2019-03-01,10:00am,USD,ISM Manufacturing PMI,High Impact Expected
2019-03-08,10:00pm,USD,FOMC Member Powell Speaks,High Impact Expected
2019-03-08,8:30am,USD,Average Hourly Earnings m/m,High Impact Expected
2019-03-08,8:30am,USD,Non-Farm Employment Change,High Impact Expected
2019-03-08,8:30am,USD,Unemployment Rate,High Impact Expected
2019-03-10,7:00pm,USD,FOMC Member Powell Speaks,High Impact Expected
2019-03-11,7:00pm,USD,FOMC Member Powell Speaks,High Impact Expected
2019-03-11,8:30am,USD,Core Retail Sales m/m,High Impact Expected
2019-03-11,8:30am,USD,Retail Sales m/m,High Impact Expected
2019-03-12,8:30am,USD,CPI m/m,High Impact Expected
2019-03-12,8:30am,USD,CPI y/y,High Impact Expected
2019-03-12,8:30am,USD,Core CPI m/m,High Impact Expected
2019-03-12,8:30am,USD,Core CPI y/y,High Impact Expected
2019-03-13,8:30am,USD,Core Durable Goods Orders m/m,High Impact Expected
2019-03-13,8:30am,USD,PPI m/m,High Impact Expected
2019-03-20,2:00pm,USD,FOMC Economic Projections,High Impact Expected
2019-03-20,2:00pm,USD,FOMC Statement,High Impact Expected
2019-03-20,2:00pm,USD,Federal Funds Rate,High Impact Expected
2019-03-20,2:30pm,USD,FOMC Press Conference,High Impact Expected
2019-03-26,10:00am,USD,CB Consumer Confidence,High Impact Expected
2019-03-28,8:30am,USD,Final GDP q/q,High Impact Expected
2019-04-01,10:00am,USD,ISM Manufacturing PMI,High Impact Expected
2019-04-01,8:30am,USD,Core Retail Sales m/m,High Impact Expected
2019-04-01,8:30am,USD,Retail Sales m/m,High Impact Expected
2019-04-02,8:30am,USD,Core Durable Goods Orders m/m,High Impact Expected
2019-04-05,8:30am,USD,Average Hourly Earnings m/m,High Impact Expected
2019-04-05,8:30am,USD,Non-Farm Employment Change,High Impact Expected
2019-04-05,8:30am,USD,Unemployment Rate,High Impact Expected
2019-04-10,2:00pm,USD,FOMC Meeting Minutes,High Impact Expected
2019-04-10,8:30am,USD,CPI m/m,High Impact Expected
2019-04-10,8:30am,USD,CPI y/y,High Impact Expected
2019-04-10,8:30am,USD,Core CPI m/m,High Impact Expected
2019-04-10,8:30am,USD,Core CPI y/y,High Impact Expected
2019-04-11,8:30am,USD,PPI m/m,High Impact Expected
2019-04-18,8:30am,USD,Core Retail Sales m/m,High Impact Expected
2019-04-18,8:30am,USD,Retail Sales m/m,High Impact Expected
2019-04-25,8:30am,USD,Core Durable Goods Orders m/m,High Impact Expected
2019-04-26,8:30am,USD,Advance GDP q/q,High Impact Expected
2019-04-30,10:00am,USD,CB Consumer Confidence,High Impact Expected
2019-05-01,10:00am,USD,ISM Manufacturing PMI,High Impact Expected
2019-05-01,2:00pm,USD,FOMC Statement,High Impact Expected
2019-05-01,2:00pm,USD,Federal Funds Rate,High Impact Expected
2019-05-01,2:30pm,USD,FOMC Press Conference,High Impact Expected
2019-05-03,10:00am,USD,ISM Services PMI,High Impact Expected
2019-05-03,8:30am,USD,Average Hourly Earnings m/m,High Impact Expected
2019-05-03,8:30am,USD,Non-Farm Employment Change,High Impact Expected
2019-05-03,8:30am,USD,Unemployment Rate,High Impact Expected
2019-05-09,8:30am,USD,FOMC Member Powell Speaks,High Impact Expected
2019-05-09,8:30am,USD,PPI m/m,High Impact Expected
2019-05-10,8:30am,USD,CPI m/m,High Impact Expected
2019-05-10,8:30am,USD,CPI y/y,High Impact Expected
2019-05-10,8:30am,USD,Core CPI m/m,High Impact Expected
2019-05-10,8:30am,USD,Core CPI y/y,High Impact Expected
2019-05-15,8:30am,USD,Core Retail Sales m/m,High Impact Expected
2019-05-15,8:30am,USD,Retail Sales m/m,High Impact Expected
2019-05-20,7:00pm,USD,FOMC Member Powell Speaks,High Impact Expected
2019-05-22,2:00pm,USD,FOMC Meeting Minutes,High Impact Expected
2019-05-24,8:30am,USD,Core Durable Goods Orders m/m,High Impact Expected
2019-05-30,8:30am,USD,Prelim GDP q/q,High Impact Expected
2019-06-03,10:00am,USD,ISM Manufacturing PMI,High Impact Expected
2019-06-04,9:55am,USD,FOMC Member Powell Speaks,High Impact Expected
2019-06-05,10:00am,USD,Fed Gov Nomination Hearings,High Impact Expected
2019-06-05,10:00am,USD,ISM Services PMI,High Impact Expected
2019-06-07,8:30am,USD,Average Hourly Earnings m/m,High Impact Expected
2019-06-07,8:30am,USD,Non-Farm Employment Change,High Impact Expected
2019-06-07,8:30am,USD,Unemployment Rate,High Impact Expected
2019-06-12,8:30am,USD,CPI m/m,High Impact Expected
2019-06-12,8:30am,USD,CPI y/y,High Impact Expected
2019-06-12,8:30am,USD,Core CPI m/m,High Impact Expected
2019-06-12,8:30am,USD,Core CPI y/y,High Impact Expected
2019-06-14,8:30am,USD,Core Retail Sales m/m,High Impact Expected
2019-06-14,8:30am,USD,Retail Sales m/m,High Impact Expected
2019-06-19,2:00pm,USD,FOMC Economic Projections,High Impact Expected
2019-06-19,2:00pm,USD,FOMC Statement,High Impact Expected
2019-06-19,2:00pm,USD,Federal Funds Rate,High Impact Expected
2019-06-19,2:30pm,USD,FOMC Press Conference,High Impact Expected
2019-06-25,10:00am,USD,CB Consumer Confidence,High Impact Expected
2019-06-25,1:00pm,USD,FOMC Member Powell Speaks,High Impact Expected
2019-06-26,8:30am,USD,Core Durable Goods Orders m/m,High Impact Expected
2019-06-27,8:30am,USD,Final GDP q/q,High Impact Expected
2019-07-01,10:00am,USD,ISM Manufacturing PMI,High Impact Expected
2019-07-03,10:00am,USD,ISM Services PMI,High Impact Expected
2019-07-03,8:15am,USD,ADP Non-Farm Employment Change,High Impact Expected
2019-07-05,8:30am,USD,Average Hourly Earnings m/m,High Impact Expected
2019-07-05,8:30am,USD,Non-Farm Employment Change,High Impact Expected
2019-07-05,8:30am,USD,Unemployment Rate,High Impact Expected
2019-07-09,8:45am,USD,FOMC Member Powell Speaks,High Impact Expected
2019-07-10,10:00am,USD,Fed Chairman Powell Testifies,High Impact Expected
2019-07-10,2:00pm,USD,FOMC Meeting Minutes,High Impact Expected
2019-07-11,10:00am,USD,Fed Chairman Powell Testifies,High Impact Expected
2019-07-11,8:30am,USD,CPI m/m,High Impact Expected
2019-07-11,8:30am,USD,CPI y/y,High Impact Expected
2019-07-11,8:30am,USD,Core CPI m/m,High Impact Expected
2019-07-11,8:30am,USD,Core CPI y/y,High Impact Expected
2019-07-12,8:30am,USD,PPI m/m,High Impact Expected
2019-07-16,1:00pm,USD,FOMC Member Powell Speaks,High Impact Expected
2019-07-16,2:40pm,USD,FOMC Member Evans Speaks,High Impact Expected
2019-07-16,8:30am,USD,Core Retail Sales m/m,High Impact Expected
2019-07-16,8:30am,USD,Retail Sales m/m,High Impact Expected
2019-07-25,8:30am,USD,Core Durable Goods Orders m/m,High Impact Expected
2019-07-26,8:30am,USD,Advance GDP q/q,High Impact Expected
2019-07-30,10:00am,USD,CB Consumer Confidence,High Impact Expected
2019-07-31,2:00pm,USD,FOMC Statement,High Impact Expected
2019-07-31,2:00pm,USD,Federal Funds Rate,High Impact Expected
2019-07-31,2:30pm,USD,FOMC Press Conference,High Impact Expected
2019-07-31,8:15am,USD,ADP Non-Farm Employment Change,High Impact Expected
2019-08-01,10:00am,USD,ISM Manufacturing PMI,High Impact Expected
2019-08-02,1:45pm,USD,President Trump Speaks,High Impact Expected
2019-08-02,8:30am,USD,Average Hourly Earnings m/m,High Impact Expected
2019-08-02,8:30am,USD,Non-Farm Employment Change,High Impact Expected
2019-08-02,8:30am,USD,Unemployment Rate,High Impact Expected
2019-08-05,10:00am,USD,ISM Services PMI,High Impact Expected
2019-08-13,8:30am,USD,CPI m/m,High Impact Expected
2019-08-13,8:30am,USD,CPI y/y,High Impact Expected
2019-08-13,8:30am,USD,Core CPI m/m,High Impact Expected
2019-08-13,8:30am,USD,Core CPI y/y,High Impact Expected
2019-08-15,8:30am,USD,Core Retail Sales m/m,High Impact Expected
2019-08-15,8:30am,USD,Philly Fed Manufacturing Index,High Impact Expected
2019-08-15,8:30am,USD,Retail Sales m/m,High Impact Expected
2019-08-21,2:00pm,USD,FOMC Meeting Minutes,High Impact Expected
2019-08-23,10:00am,USD,FOMC Member Powell Speaks,High Impact Expected
2019-08-26,8:30am,USD,Core Durable Goods Orders m/m,High Impact Expected
2019-08-27,10:00am,USD,CB Consumer Confidence,High Impact Expected
2019-08-28,10:30am,USD,Crude Oil Inventories,High Impact Expected
2019-08-29,8:30am,USD,Prelim GDP q/q,High Impact Expected
2019-08-30,8:30am,USD,Personal Spending m/m,High Impact Expected
2019-09-03,10:00am,USD,ISM Manufacturing PMI,High Impact Expected
2019-09-05,11:00am,USD,Crude Oil Inventories,High Impact Expected
2019-09-05,8:15am,USD,ADP Non-Farm Employment Change,High Impact Expected
2019-09-06,12:30pm,USD,FOMC Member Powell Speaks,High Impact Expected
2019-09-06,8:30am,USD,Average Hourly Earnings m/m,High Impact Expected
2019-09-06,8:30am,USD,Non-Farm Employment Change,High Impact Expected
2019-09-06,8:30am,USD,Unemployment Rate,High Impact Expected
2019-09-11,10:30am,USD,Crude Oil Inventories,High Impact Expected
2019-09-12,8:30am,USD,CPI m/m,High Impact Expected
2019-09-12,8:30am,USD,CPI y/y,High Impact Expected
2019-09-12,8:30am,USD,Core CPI m/m,High Impact Expected
2019-09-12,8:30am,USD,Core CPI y/y,High Impact Expected
2019-09-13,8:30am,USD,Core Retail Sales m/m,High Impact Expected
2019-09-13,8:30am,USD,Retail Sales m/m,High Impact Expected
2019-09-18,10:30am,USD,Crude Oil Inventories,High Impact Expected
2019-09-18,2:00pm,USD,FOMC Economic Projections,High Impact Expected
2019-09-18,2:00pm,USD,FOMC Statement,High Impact Expected
2019-09-18,2:00pm,USD,Federal Funds Rate,High Impact Expected
2019-09-18,2:30pm,USD,FOMC Press Conference,High Impact Expected
2019-09-19,8:30am,USD,Philly Fed Manufacturing Index,High Impact Expected
2019-09-24,10:00am,USD,CB Consumer Confidence,High Impact Expected
2019-09-25,10:30am,USD,Crude Oil Inventories,High Impact Expected
2019-09-27,8:30am,USD,Core Durable Goods Orders m/m,High Impact Expected
2019-09-27,8:30am,USD,Personal Spending m/m,High Impact Expected
2019-10-01,10:00am,USD,ISM Manufacturing PMI,High Impact Expected
2019-10-02,10:30am,USD,Crude Oil Inventories,High Impact Expected
2019-10-02,8:15am,USD,ADP Non-Farm Employment Change,High Impact Expected
2019-10-03,10:00am,USD,ISM Services PMI,High Impact Expected
2019-10-04,2:00pm,USD,FOMC Member Powell Speaks,High Impact Expected
2019-10-04,8:30am,USD,Average Hourly Earnings m/m,High Impact Expected
2019-10-04,8:30am,USD,Non-Farm Employment Change,High Impact Expected
2019-10-04,8:30am,USD,Unemployment Rate,High Impact Expected
2019-10-07,1:00pm,USD,FOMC Member Powell Speaks,High Impact Expected
2019-10-08,2:30pm,USD,FOMC Member Powell Speaks,High Impact Expected
2019-10-09,10:30am,USD,Crude Oil Inventories,High Impact Expected
2019-10-09,11:00am,USD,FOMC Member Powell Speaks,High Impact Expected
2019-10-09,2:00pm,USD,FOMC Meeting Minutes,High Impact Expected
2019-10-10,8:30am,USD,CPI m/m,High Impact Expected
2019-10-10,8:30am,USD,CPI y/y,High Impact Expected
2019-10-10,8:30am,USD,Core CPI m/m,High Impact Expected
2019-10-10,8:30am,USD,Core CPI y/y,High Impact Expected
2019-10-16,8:30am,USD,Core Retail Sales m/m,High Impact Expected
2019-10-16,8:30am,USD,Retail Sales m/m,High Impact Expected
2019-10-17,11:00am,USD,Crude Oil Inventories,High Impact Expected
2019-10-17,8:30am,USD,Philly Fed Manufacturing Index,High Impact Expected
2019-10-29,10:00am,USD,CB Consumer Confidence,High Impact Expected
2019-10-30,2:00pm,USD,FOMC Statement,High Impact Expected
2019-10-30,2:00pm,USD,Federal Funds Rate,High Impact Expected
2019-10-30,2:30pm,USD,FOMC Press Conference,High Impact Expected
2019-10-30,8:15am,USD,ADP Non-Farm Employment Change,High Impact Expected
2019-10-30,8:30am,USD,Advance GDP q/q,High Impact Expected
2019-11-01,10:00am,USD,ISM Manufacturing PMI,High Impact Expected
2019-11-01,8:30am,USD,Average Hourly Earnings m/m,High Impact Expected
2019-11-01,8:30am,USD,Non-Farm Employment Change,High Impact Expected
2019-11-01,8:30am,USD,Unemployment Rate,High Impact Expected
2019-11-05,10:00am,USD,ISM Services PMI,High Impact Expected
2019-11-12,12:00pm,USD,President Trump Speaks,High Impact Expected
2019-11-13,11:00am,USD,Fed Chairman Powell Testifies,High Impact Expected
2019-11-13,8:30am,USD,CPI m/m,High Impact Expected
2019-11-13,8:30am,USD,CPI y/y,High Impact Expected
2019-11-13,8:30am,USD,Core CPI m/m,High Impact Expected
2019-11-13,8:30am,USD,Core CPI y/y,High Impact Expected
2019-11-14,10:00am,USD,Fed Chairman Powell Testifies,High Impact Expected
2019-11-14,8:30am,USD,PPI m/m,High Impact Expected
2019-11-15,8:30am,USD,Core Retail Sales m/m,High Impact Expected
2019-11-15,8:30am,USD,Retail Sales m/m,High Impact Expected
2019-11-20,2:00pm,USD,FOMC Meeting Minutes,High Impact Expected
2019-11-22,9:45am,USD,Flash Manufacturing PMI,High Impact Expected
2019-11-25,7:00pm,USD,FOMC Member Powell Speaks,High Impact Expected
2019-11-26,10:00am,USD,CB Consumer Confidence,High Impact Expected
2019-11-27,9:45am,USD,Chicago PMI,High Impact Expected
2019-12-02,10:00am,USD,ISM Manufacturing PMI,High Impact Expected
2019-12-04,10:00am,USD,ISM Services PMI,High Impact Expected
2019-12-04,8:15am,USD,ADP Non-Farm Employment Change,High Impact Expected
2019-12-06,8:30am,USD,Average Hourly Earnings m/m,High Impact Expected
2019-12-06,8:30am,USD,Non-Farm Employment Change,High Impact Expected
2019-12-06,8:30am,USD,Unemployment Rate,High Impact Expected
2019-12-11,2:00pm,USD,FOMC Economic Projections,High Impact Expected
2019-12-11,2:00pm,USD,FOMC Statement,High Impact Expected
2019-12-11,2:00pm,USD,Federal Funds Rate,High Impact Expected
2019-12-11,2:30pm,USD,FOMC Press Conference,High Impact Expected
2019-12-11,8:30am,USD,CPI m/m,High Impact Expected
2019-12-11,8:30am,USD,CPI y/y,High Impact Expected
2019-12-11,8:30am,USD,Core CPI m/m,High Impact Expected
2019-12-11,8:30am,USD,Core CPI y/y,High Impact Expected
2019-12-13,8:30am,USD,Core Retail Sales m/m,High Impact Expected
2019-12-13,8:30am,USD,Retail Sales m/m,High Impact Expected
2019-12-16,9:45am,USD,Flash Manufacturing PMI,High Impact Expected
2019-12-30,9:45am,USD,Chicago PMI,High Impact Expected
2019-12-31,10:00am,USD,CB Consumer Confidence,High Impact Expected
2020-01-03,10:00am,USD,ISM Manufacturing PMI,High Impact Expected
2020-01-03,2:00pm,USD,FOMC Meeting Minutes,High Impact Expected
2020-01-07,10:00am,USD,ISM Services PMI,High Impact Expected
2020-01-08,11:26am,USD,President Trump Speaks,High Impact Expected
2020-01-08,8:15am,USD,ADP Non-Farm Employment Change,High Impact Expected
2020-01-10,8:30am,USD,Average Hourly Earnings m/m,High Impact Expected
2020-01-10,8:30am,USD,Non-Farm Employment Change,High Impact Expected
2020-01-10,8:30am,USD,Unemployment Rate,High Impact Expected
2020-01-14,8:30am,USD,CPI m/m,High Impact Expected
2020-01-14,8:30am,USD,CPI y/y,High Impact Expected
2020-01-14,8:30am,USD,Core CPI m/m,High Impact Expected
2020-01-14,8:30am,USD,Core CPI y/y,High Impact Expected
2020-01-16,8:30am,USD,Core Retail Sales m/m,High Impact Expected
2020-01-16,8:30am,USD,Retail Sales m/m,High Impact Expected
2020-01-23,11:00am,USD,Crude Oil Inventories,High Impact Expected
2020-01-24,4:30am,USD,Treasury Sec Mnuchin Speaks,High Impact Expected
2020-01-28,10:00am,USD,CB Consumer Confidence,High Impact Expected
2020-01-29,2:00pm,USD,FOMC Statement,High Impact Expected
2020-01-29,2:00pm,USD,Federal Funds Rate,High Impact Expected
2020-01-29,2:30pm,USD,FOMC Press Conference,High Impact Expected
2020-01-30,8:30am,USD,Advance GDP q/q,High Impact Expected
2020-02-03,10:00am,USD,ISM Manufacturing PMI,High Impact Expected
2020-02-04,9:00pm,USD,President Trump Speaks,High Impact Expected
2020-02-05,10:00am,USD,ISM Services PMI,High Impact Expected
2020-02-05,8:15am,USD,ADP Non-Farm Employment Change,High Impact Expected
2020-02-07,8:30am,USD,Average Hourly Earnings m/m,High Impact Expected
2020-02-07,8:30am,USD,Non-Farm Employment Change,High Impact Expected
2020-02-07,8:30am,USD,Unemployment Rate,High Impact Expected
2020-02-11,10:00am,USD,Fed Chairman Powell Testifies,High Impact Expected
2020-02-12,9:30am,USD,Fed Chairman Powell Testifies,High Impact Expected
2020-02-13,8:30am,USD,CPI m/m,High Impact Expected
2020-02-13,8:30am,USD,CPI y/y,High Impact Expected
2020-02-13,8:30am,USD,Core CPI m/m,High Impact Expected
2020-02-13,8:30am,USD,Core CPI y/y,High Impact Expected
2020-02-13,9:00am,USD,Fed Gov Nomination Hearings,High Impact Expected
2020-02-14,8:30am,USD,Core Retail Sales m/m,High Impact Expected
2020-02-14,8:30am,USD,Retail Sales m/m,High Impact Expected
2020-02-19,2:00pm,USD,FOMC Meeting Minutes,High Impact Expected
2020-02-21,9:45am,USD,Flash Manufacturing PMI,High Impact Expected
2020-02-25,10:00am,USD,CB Consumer Confidence,High Impact Expected
2020-02-28,2:30pm,USD,Fed Announcement,High Impact Expected
2020-03-02,10:00am,USD,ISM Manufacturing PMI,High Impact Expected
2020-03-03,10:00am,USD,FOMC Statement,High Impact Expected
2020-03-03,10:00am,USD,Federal Funds Rate,High Impact Expected
2020-03-03,11:00am,USD,FOMC Press Conference,High Impact Expected
2020-03-04,10:00am,USD,ISM Services PMI,High Impact Expected
2020-03-04,8:15am,USD,ADP Non-Farm Employment Change,High Impact Expected
2020-03-06,8:30am,USD,Average Hourly Earnings m/m,High Impact Expected
2020-03-06,8:30am,USD,Non-Farm Employment Change,High Impact Expected
2020-03-06,8:30am,USD,Unemployment Rate,High Impact Expected
2020-03-09,6:34pm,USD,President Trump Speaks,High Impact Expected
2020-03-11,10:00am,USD,Treasury Sec Mnuchin Speaks,High Impact Expected
2020-03-11,8:30am,USD,CPI m/m,High Impact Expected
2020-03-11,8:30am,USD,CPI y/y,High Impact Expected
2020-03-11,8:30am,USD,Core CPI m/m,High Impact Expected
2020-03-11,8:30am,USD,Core CPI y/y,High Impact Expected
2020-03-11,9:00pm,USD,President Trump Speaks,High Impact Expected
2020-03-13,3:30pm,USD,President Trump Speaks,High Impact Expected
2020-03-15,5:00pm,USD,FOMC Statement,High Impact Expected
2020-03-15,5:00pm,USD,Fed Announcement,High Impact Expected
2020-03-15,5:00pm,USD,Federal Funds Rate,High Impact Expected
2020-03-15,5:17pm,USD,President Trump Speaks,High Impact Expected
2020-03-15,6:30pm,USD,FOMC Press Conference,High Impact Expected
2020-03-16,3:25pm,USD,President Trump Speaks,High Impact Expected
2020-03-17,10:45am,USD,Fed Announcement,High Impact Expected
2020-03-17,11:40am,USD,President Trump Speaks,High Impact Expected
2020-03-17,6:00pm,USD,Fed Announcement,High Impact Expected
2020-03-17,8:30am,USD,Core Retail Sales m/m,High Impact Expected
2020-03-17,8:30am,USD,Retail Sales m/m,High Impact Expected
2020-03-18,12:07pm,USD,President Trump Speaks,High Impact Expected
2020-03-19,11:38am,USD,President Trump Speaks,High Impact Expected
2020-03-19,9:00am,USD,Fed Announcement,High Impact Expected
2020-03-20,10:00am,USD,Fed Announcement,High Impact Expected
2020-03-20,11:00am,USD,Fed Announcement,High Impact Expected
2020-03-20,11:50am,USD,President Trump Speaks,High Impact Expected
2020-03-21,12:30pm,USD,President Trump Speaks,High Impact Expected
2020-03-23,6:12pm,USD,President Trump Speaks,High Impact Expected
2020-03-23,8:00am,USD,Fed Announcement,High Impact Expected
2020-03-24,12:05pm,USD,President Trump Speaks,High Impact Expected
2020-03-24,9:45am,USD,Flash Manufacturing PMI,High Impact Expected
2020-03-26,7:06am,USD,FOMC Member Powell Speaks,High Impact Expected
2020-03-26,8:30am,USD,Unemployment Claims,High Impact Expected
2020-03-27,5:30pm,USD,President Trump Speaks,High Impact Expected
2020-03-29,5:43pm,USD,President Trump Speaks,High Impact Expected
2020-03-30,5:15pm,USD,President Trump Speaks,High Impact Expected
2020-03-31,10:00am,USD,CB Consumer Confidence,High Impact Expected
2020-03-31,5:30pm,USD,President Trump Speaks,High Impact Expected
2020-03-31,8:30am,USD,Fed Announcement,High Impact Expected
2020-04-01,10:00am,USD,ISM Manufacturing PMI,High Impact Expected
2020-04-01,5:37pm,USD,President Trump Speaks,High Impact Expected
2020-04-01,8:15am,USD,ADP Non-Farm Employment Change,High Impact Expected
2020-04-02,5:23pm,USD,President Trump Speaks,High Impact Expected
2020-04-02,8:30am,USD,Unemployment Claims,High Impact Expected
2020-04-03,8:30am,USD,Average Hourly Earnings m/m,High Impact Expected
2020-04-03,8:30am,USD,Non-Farm Employment Change,High Impact Expected
2020-04-03,8:30am,USD,Unemployment Rate,High Impact Expected
2020-04-04,3:30pm,USD,President Trump Speaks,High Impact Expected
2020-04-05,6:45pm,USD,President Trump Speaks,High Impact Expected
2020-04-06,5:42pm,USD,President Trump Speaks,High Impact Expected
2020-04-07,5:42pm,USD,President Trump Speaks,High Impact Expected
2020-04-08,5:46pm,USD,President Trump Speaks,High Impact Expected
2020-04-09,10:00am,USD,FOMC Member Powell Speaks,High Impact Expected
2020-04-09,6:24pm,USD,President Trump Speaks,High Impact Expected
2020-04-09,8:30am,USD,Fed Announcement,High Impact Expected
2020-04-09,8:30am,USD,Unemployment Claims,High Impact Expected
2020-04-10,2:00pm,USD,President Trump Speaks,High Impact Expected
2020-04-10,8:30am,USD,CPI m/m,High Impact Expected
2020-04-10,8:30am,USD,CPI y/y,High Impact Expected
2020-04-10,8:30am,USD,Core CPI m/m,High Impact Expected
2020-04-10,8:30am,USD,Core CPI y/y,High Impact Expected
2020-04-13,5:49pm,USD,President Trump Speaks,High Impact Expected
2020-04-14,6:15pm,USD,President Trump Speaks,High Impact Expected
2020-04-15,5:50pm,USD,President Trump Speaks,High Impact Expected
2020-04-15,8:30am,USD,Core Retail Sales m/m,High Impact Expected
2020-04-15,8:30am,USD,Retail Sales m/m,High Impact Expected
2020-04-16,6:08pm,USD,President Trump Speaks,High Impact Expected
2020-04-16,8:30am,USD,Unemployment Claims,High Impact Expected
2020-04-17,6:00pm,USD,President Trump Speaks,High Impact Expected
2020-04-18,6:00pm,USD,President Trump Speaks,High Impact Expected
2020-04-19,6:25pm,USD,President Trump Speaks,High Impact Expected
2020-04-20,5:40pm,USD,President Trump Speaks,High Impact Expected
2020-04-21,5:46pm,USD,President Trump Speaks,High Impact Expected
2020-04-22,6:11pm,USD,President Trump Speaks,High Impact Expected
2020-04-23,5:43pm,USD,President Trump Speaks,High Impact Expected
2020-04-23,8:30am,USD,Unemployment Claims,High Impact Expected
2020-04-23,9:45am,USD,Flash Manufacturing PMI,High Impact Expected
2020-04-24,5:40pm,USD,President Trump Speaks,High Impact Expected
2020-04-24,8:30am,USD,Core Durable Goods Orders m/m,High Impact Expected
2020-04-27,5:38pm,USD,President Trump Speaks,High Impact Expected
2020-04-28,10:00am,USD,CB Consumer Confidence,High Impact Expected
2020-04-29,2:00pm,USD,FOMC Statement,High Impact Expected
2020-04-29,2:30pm,USD,FOMC Press Conference,High Impact Expected
2020-04-29,8:32am,USD,Advance GDP q/q,High Impact Expected
2020-04-30,10:00am,USD,Fed Announcement,High Impact Expected
2020-04-30,8:30am,USD,Unemployment Claims,High Impact Expected
2020-05-01,10:00am,USD,ISM Manufacturing PMI,High Impact Expected
2020-05-05,10:00am,USD,ISM Services PMI,High Impact Expected
2020-05-06,8:15am,USD,ADP Non-Farm Employment Change,High Impact Expected
2020-05-07,8:30am,USD,Unemployment Claims,High Impact Expected
2020-05-08,8:00am,USD,President Trump Speaks,High Impact Expected
2020-05-08,8:30am,USD,Average Hourly Earnings m/m,High Impact Expected
2020-05-08,8:30am,USD,Non-Farm Employment Change,High Impact Expected
2020-05-08,8:30am,USD,Unemployment Rate,High Impact Expected
2020-05-12,8:30am,USD,CPI m/m,High Impact Expected
2020-05-12,8:30am,USD,CPI y/y,High Impact Expected
2020-05-12,8:30am,USD,Core CPI m/m,High Impact Expected
2020-05-12,8:30am,USD,Core CPI y/y,High Impact Expected
2020-05-13,9:00am,USD,FOMC Member Powell Speaks,High Impact Expected
2020-05-15,8:30am,USD,Core Retail Sales m/m,High Impact Expected
2020-05-15,8:30am,USD,Retail Sales m/m,High Impact Expected
2020-05-17,7:00pm,USD,FOMC Member Powell Speaks,High Impact Expected
2020-05-19,10:00am,USD,Fed Chairman Powell Testifies,High Impact Expected
2020-05-21,2:30pm,USD,FOMC Member Powell Speaks,High Impact Expected
2020-05-21,9:45am,USD,Flash Manufacturing PMI,High Impact Expected
2020-05-28,8:30am,USD,Prelim GDP q/q,High Impact Expected
2020-05-29,11:00am,USD,FOMC Member Powell Speaks,High Impact Expected
2020-05-29,2:00pm,USD,President Trump Speaks,High Impact Expected
2020-06-01,10:00am,USD,ISM Manufacturing PMI,High Impact Expected
2020-06-03,10:00am,USD,ISM Services PMI,High Impact Expected
2020-06-03,8:15am,USD,ADP Non-Farm Employment Change,High Impact Expected
2020-06-05,8:30am,USD,Average Hourly Earnings m/m,High Impact Expected
2020-06-05,8:30am,USD,Non-Farm Employment Change,High Impact Expected
2020-06-05,8:30am,USD,Unemployment Rate,High Impact Expected
2020-06-10,2:00pm,USD,FOMC Economic Projections,High Impact Expected
2020-06-10,2:00pm,USD,FOMC Statement,High Impact Expected
2020-06-10,2:00pm,USD,Federal Funds Rate,High Impact Expected
2020-06-10,2:30pm,USD,FOMC Press Conference,High Impact Expected
2020-06-10,8:30am,USD,CPI m/m,High Impact Expected
2020-06-10,8:30am,USD,CPI y/y,High Impact Expected
2020-06-10,8:30am,USD,Core CPI m/m,High Impact Expected
2020-06-10,8:30am,USD,Core CPI y/y,High Impact Expected
2020-06-12,10:00am,USD,Prelim UoM Consumer Sentiment,High Impact Expected
2020-06-15,2:00pm,USD,Fed Announcement,High Impact Expected
2020-06-16,10:00am,USD,Fed Chairman Powell Testifies,High Impact Expected
2020-06-16,8:30am,USD,Core Retail Sales m/m,High Impact Expected
2020-06-16,8:30am,USD,Retail Sales m/m,High Impact Expected
2020-06-17,12:00pm,USD,Fed Chairman Powell Testifies,High Impact Expected
2020-06-30,12:30pm,USD,Fed Chairman Powell Testifies,High Impact Expected
2020-07-01,8:15am,USD,ADP Non-Farm Employment Change,High Impact Expected
2020-07-02,8:30am,USD,Average Hourly Earnings m/m,High Impact Expected
2020-07-02,8:30am,USD,Non-Farm Employment Change,High Impact Expected
2020-07-02,8:30am,USD,Unemployment Rate,High Impact Expected
2020-07-02,9:30am,USD,President Trump Speaks,High Impact Expected
2020-07-06,10:00am,USD,ISM Services PMI,High Impact Expected
2020-07-14,5:00pm,USD,President Trump Speaks,High Impact Expected
2020-07-14,8:30am,USD,CPI y/y,High Impact Expected
2020-07-14,8:30am,USD,Core CPI y/y,High Impact Expected
2020-07-16,8:30am,USD,Core Retail Sales m/m,High Impact Expected
2020-07-16,8:30am,USD,Retail Sales m/m,High Impact Expected
2020-07-21,5:00pm,USD,President Trump Speaks,High Impact Expected
2020-07-28,9:30am,USD,Fed Announcement,High Impact Expected
2020-07-29,10:00am,USD,Pending Home Sales m/m,High Impact Expected
2020-07-29,2:00pm,USD,FOMC Statement,High Impact Expected
2020-07-29,2:30pm,USD,FOMC Press Conference,High Impact Expected
2020-07-30,8:30am,USD,Advance GDP q/q,High Impact Expected
2020-08-03,10:00am,USD,ISM Manufacturing PMI,High Impact Expected
2020-08-05,10:00am,USD,ISM Services PMI,High Impact Expected
2020-08-07,8:30am,USD,Average Hourly Earnings m/m,High Impact Expected
2020-08-07,8:30am,USD,Non-Farm Employment Change,High Impact Expected
2020-08-07,8:30am,USD,Unemployment Rate,High Impact Expected
2020-08-12,8:30am,USD,CPI m/m,High Impact Expected
2020-08-12,8:30am,USD,CPI y/y,High Impact Expected
2020-08-12,8:30am,USD,Core CPI m/m,High Impact Expected
2020-08-12,8:30am,USD,Core CPI y/y,High Impact Expected
2020-08-14,8:30am,USD,Core Retail Sales m/m,High Impact Expected
2020-08-14,8:30am,USD,Retail Sales m/m,High Impact Expected
2020-08-27,9:10am,USD,FOMC Member Powell Speaks,High Impact Expected
2020-09-01,10:00am,USD,ISM Manufacturing PMI,High Impact Expected
2020-09-02,8:15am,USD,ADP Non-Farm Employment Change,High Impact Expected
2020-09-03,10:00am,USD,ISM Services PMI,High Impact Expected
2020-09-04,8:30am,USD,Average Hourly Earnings m/m,High Impact Expected
2020-09-04,8:30am,USD,Non-Farm Employment Change,High Impact Expected
2020-09-04,8:30am,USD,Unemployment Rate,High Impact Expected
2020-09-11,8:30am,USD,CPI y/y,High Impact Expected
2020-09-11,8:30am,USD,Core CPI y/y,High Impact Expected
2020-09-16,2:00pm,USD,FOMC Economic Projections,High Impact Expected
2020-09-16,2:00pm,USD,FOMC Statement,High Impact Expected
2020-09-16,2:30pm,USD,FOMC Press Conference,High Impact Expected
2020-09-16,8:30am,USD,Core Retail Sales m/m,High Impact Expected
2020-09-21,10:00am,USD,FOMC Member Powell Speaks,High Impact Expected
2020-09-22,10:30am,USD,Fed Chairman Powell Testifies,High Impact Expected
2020-09-23,10:00am,USD,Fed Chairman Powell Testifies,High Impact Expected
2020-09-23,9:45am,USD,Flash Manufacturing PMI,High Impact Expected
2020-09-24,10:00am,USD,Fed Chairman Powell Testifies,High Impact Expected
2020-09-24,10:00am,USD,Treasury Sec Mnuchin Speaks,High Impact Expected
2020-10-01,10:00am,USD,ISM Manufacturing PMI,High Impact Expected
2020-10-02,8:30am,USD,Average Hourly Earnings m/m,High Impact Expected
2020-10-02,8:30am,USD,Non-Farm Employment Change,High Impact Expected
2020-10-02,8:30am,USD,Unemployment Rate,High Impact Expected
2020-10-05,10:00am,USD,ISM Services PMI,High Impact Expected
2020-10-06,10:40am,USD,FOMC Member Powell Speaks,High Impact Expected
2020-10-07,2:00pm,USD,FOMC Meeting Minutes,High Impact Expected
2020-10-13,8:30am,USD,CPI y/y,High Impact Expected
2020-10-13,8:30am,USD,Core CPI y/y,High Impact Expected
2020-10-16,8:30am,USD,Core Retail Sales m/m,High Impact Expected
2020-10-16,8:30am,USD,Retail Sales m/m,High Impact Expected
2020-10-19,8:00am,USD,FOMC Member Powell Speaks,High Impact Expected
2020-10-29,8:30am,USD,Advance GDP q/q,High Impact Expected
2020-10-30,11:00am,USD,Fed Announcement,High Impact Expected
2020-11-02,10:00am,USD,ISM Manufacturing PMI,High Impact Expected
2020-11-03,10:15am,USD,Presidential Election,High Impact Expected
2020-11-03,10:16am,USD,Congressional Elections,High Impact Expected
2020-11-04,10:00am,USD,ISM Services PMI,High Impact Expected
2020-11-05,2:00pm,USD,FOMC Statement,High Impact Expected
2020-11-05,2:30pm,USD,FOMC Press Conference,High Impact Expected
2020-11-06,8:30am,USD,Average Hourly Earnings m/m,High Impact Expected
2020-11-06,8:30am,USD,Non-Farm Employment Change,High Impact Expected
2020-11-06,8:30am,USD,Unemployment Rate,High Impact Expected
2020-11-12,11:45am,USD,FOMC Member Powell Speaks,High Impact Expected
2020-11-12,8:30am,USD,CPI y/y,High Impact Expected
2020-11-12,8:30am,USD,Core CPI y/y,High Impact Expected
2020-11-17,1:00pm,USD,FOMC Member Powell Speaks,High Impact Expected
2020-11-17,8:30am,USD,Core Retail Sales m/m,High Impact Expected
2020-11-17,8:30am,USD,Retail Sales m/m,High Impact Expected
2020-11-25,2:00pm,USD,FOMC Meeting Minutes,High Impact Expected
2020-12-01,10:00am,USD,Fed Chairman Powell Testifies,High Impact Expected
2020-12-01,10:00am,USD,ISM Manufacturing PMI,High Impact Expected
2020-12-02,10:00am,USD,Fed Chairman Powell Testifies,High Impact Expected
2020-12-04,8:30am,USD,Average Hourly Earnings m/m,High Impact Expected
2020-12-04,8:30am,USD,Non-Farm Employment Change,High Impact Expected
2020-12-04,8:30am,USD,Unemployment Rate,High Impact Expected
2020-12-10,8:30am,USD,CPI y/y,High Impact Expected
2020-12-10,8:30am,USD,Core CPI y/y,High Impact Expected
2020-12-16,2:00pm,USD,FOMC Economic Projections,High Impact Expected
2020-12-16,2:00pm,USD,FOMC Statement,High Impact Expected
2020-12-16,2:30pm,USD,FOMC Press Conference,High Impact Expected
2020-12-16,8:30am,USD,Core Retail Sales m/m,High Impact Expected
2020-12-16,8:30am,USD,Retail Sales m/m,High Impact Expected
2020-12-16,9:45am,USD,Flash Manufacturing PMI,High Impact Expected
2021-01-06,2:00pm,USD,FOMC Meeting Minutes,High Impact Expected
2021-01-08,8:30am,USD,Average Hourly Earnings m/m,High Impact Expected
2021-01-08,8:30am,USD,Non-Farm Employment Change,High Impact Expected
2021-01-08,8:30am,USD,Unemployment Rate,High Impact Expected
2021-01-13,8:30am,USD,CPI y/y,High Impact Expected
2021-01-13,8:30am,USD,Core CPI y/y,High Impact Expected
2021-01-14,12:30pm,USD,FOMC Member Powell Speaks,High Impact Expected
2021-01-14,7:15pm,USD,President Biden Speaks,High Impact Expected
2021-01-15,8:30am,USD,Core Retail Sales m/m,High Impact Expected
2021-01-15,8:30am,USD,Retail Sales m/m,High Impact Expected
2021-01-20,11:52am,USD,President Biden Speaks,High Impact Expected
2021-01-27,2:00pm,USD,FOMC Statement,High Impact Expected
2021-01-27,2:30pm,USD,FOMC Press Conference,High Impact Expected
2021-01-28,8:30am,USD,Advance GDP q/q,High Impact Expected
2021-02-01,10:00am,USD,ISM Manufacturing PMI,High Impact Expected
2021-02-05,8:30am,USD,Average Hourly Earnings m/m,High Impact Expected
2021-02-05,8:30am,USD,Non-Farm Employment Change,High Impact Expected
2021-02-05,8:30am,USD,Unemployment Rate,High Impact Expected
2021-02-10,2:00pm,USD,FOMC Member Powell Speaks,High Impact Expected
2021-02-10,8:30am,USD,CPI m/m,High Impact Expected
2021-02-10,8:30am,USD,CPI y/y,High Impact Expected
2021-02-10,8:30am,USD,Core CPI y/y,High Impact Expected
2021-02-17,8:30am,USD,Core Retail Sales m/m,High Impact Expected
2021-02-17,8:30am,USD,Retail Sales m/m,High Impact Expected
2021-02-23,10:00am,USD,Fed Chairman Powell Testifies,High Impact Expected
2021-02-24,10:00am,USD,Fed Chairman Powell Testifies,High Impact Expected
2021-03-01,10:00am,USD,ISM Manufacturing PMI,High Impact Expected
2021-03-04,12:05pm,USD,FOMC Member Powell Speaks,High Impact Expected
2021-03-05,8:30am,USD,Average Hourly Earnings m/m,High Impact Expected
2021-03-05,8:30am,USD,Non-Farm Employment Change,High Impact Expected
2021-03-05,8:30am,USD,Unemployment Rate,High Impact Expected
2021-03-10,7:30am,USD,CPI y/y,High Impact Expected
2021-03-10,8:30am,USD,CPI m/m,High Impact Expected
2021-03-10,8:30am,USD,Core CPI m/m,High Impact Expected
2021-03-10,8:30am,USD,Core CPI y/y,High Impact Expected
2021-03-16,8:30am,USD,Core Retail Sales m/m,High Impact Expected
2021-03-16,8:30am,USD,Retail Sales m/m,High Impact Expected
2021-03-17,2:00pm,USD,FOMC Economic Projections,High Impact Expected
2021-03-17,2:00pm,USD,FOMC Statement,High Impact Expected
2021-03-17,2:30pm,USD,FOMC Press Conference,High Impact Expected
2021-03-18,11:55am,USD,FOMC Member Powell Speaks,High Impact Expected
2021-03-19,9:00am,USD,Fed Announcement,High Impact Expected
2021-03-22,9:00am,USD,FOMC Member Powell Speaks,High Impact Expected
2021-03-23,12:00pm,USD,Fed Chairman Powell Testifies,High Impact Expected
2021-03-24,10:00am,USD,Fed Chairman Powell Testifies,High Impact Expected
2021-03-31,4:20pm,USD,President Biden Speaks,High Impact Expected
2021-03-31,8:15am,USD,ADP Non-Farm Employment Change,High Impact Expected
2021-04-02,8:30am,USD,Average Hourly Earnings m/m,High Impact Expected
2021-04-02,8:30am,USD,Non-Farm Employment Change,High Impact Expected
2021-04-02,8:30am,USD,Unemployment Rate,High Impact Expected
2021-04-05,11:00am,USD,Treasury Sec Yellen Speaks,High Impact Expected
2021-04-07,1:45pm,USD,President Biden Speaks,High Impact Expected
2021-04-07,2:00pm,USD,FOMC Meeting Minutes,High Impact Expected
2021-04-08,12:00pm,USD,FOMC Member Powell Speaks,High Impact Expected
2021-04-11,7:00pm,USD,FOMC Member Powell Speaks,High Impact Expected
2021-04-13,8:30am,USD,CPI m/m,High Impact Expected
2021-04-13,8:30am,USD,CPI y/y,High Impact Expected
2021-04-13,8:30am,USD,Core CPI m/m,High Impact Expected
2021-04-13,8:30am,USD,Core CPI y/y,High Impact Expected
2021-04-14,12:00pm,USD,FOMC Member Powell Speaks,High Impact Expected
2021-04-15,8:30am,USD,Core Retail Sales m/m,High Impact Expected
2021-04-15,8:30am,USD,Retail Sales m/m,High Impact Expected
2021-04-28,2:00pm,USD,FOMC Statement,High Impact Expected
2021-04-28,2:30pm,USD,FOMC Press Conference,High Impact Expected
2021-04-28,9:00pm,USD,President Biden Speaks,High Impact Expected
2021-04-29,8:30am,USD,Advance GDP q/q,High Impact Expected
2021-05-03,2:20pm,USD,FOMC Member Powell Speaks,High Impact Expected
2021-05-07,12:30pm,USD,Treasury Sec Yellen Speaks,High Impact Expected
2021-05-07,8:30am,USD,Average Hourly Earnings m/m,High Impact Expected
2021-05-07,8:30am,USD,Non-Farm Employment Change,High Impact Expected
2021-05-07,8:30am,USD,Unemployment Rate,High Impact Expected
2021-05-12,8:30am,USD,CPI m/m,High Impact Expected
2021-05-12,8:30am,USD,CPI y/y,High Impact Expected
2021-05-12,8:30am,USD,Core CPI m/m,High Impact Expected
2021-05-12,8:30am,USD,Core CPI y/y,High Impact Expected
2021-05-14,8:30am,USD,Retail Sales m/m,High Impact Expected
2021-05-14,8:32am,USD,Core Retail Sales m/m,High Impact Expected
2021-05-27,8:30am,USD,Prelim GDP q/q,High Impact Expected
2021-06-01,10:00am,USD,ISM Manufacturing PMI,High Impact Expected
2021-06-03,10:00am,USD,ISM Services PMI,High Impact Expected
2021-06-04,7:00am,USD,FOMC Member Powell Speaks,High Impact Expected
2021-06-04,8:30am,USD,Average Hourly Earnings m/m,High Impact Expected
2021-06-04,8:30am,USD,Non-Farm Employment Change,High Impact Expected
2021-06-04,8:30am,USD,Unemployment Rate,High Impact Expected
2021-06-10,8:30am,USD,CPI m/m,High Impact Expected
2021-06-10,8:30am,USD,CPI y/y,High Impact Expected
2021-06-10,8:30am,USD,Core CPI m/m,High Impact Expected
2021-06-10,8:30am,USD,Core CPI y/y,High Impact Expected
2021-06-15,8:30am,USD,Core Retail Sales m/m,High Impact Expected
2021-06-15,8:30am,USD,PPI m/m,High Impact Expected
2021-06-15,8:30am,USD,Retail Sales m/m,High Impact Expected
2021-06-16,10:00am,USD,Treasury Sec Yellen Speaks,High Impact Expected
2021-06-16,2:00pm,USD,FOMC Economic Projections,High Impact Expected
2021-06-16,2:00pm,USD,FOMC Statement,High Impact Expected
2021-06-16,2:30pm,USD,FOMC Press Conference,High Impact Expected
2021-06-22,2:00pm,USD,Fed Chairman Powell Testifies,High Impact Expected
2021-06-23,9:45am,USD,Flash Manufacturing PMI,High Impact Expected
2021-06-23,9:45am,USD,Flash Services PMI,High Impact Expected
2021-07-01,10:00am,USD,ISM Manufacturing PMI,High Impact Expected
2021-07-02,8:30am,USD,Average Hourly Earnings m/m,High Impact Expected
2021-07-02,8:30am,USD,Non-Farm Employment Change,High Impact Expected
2021-07-02,8:30am,USD,Unemployment Rate,High Impact Expected
2021-07-06,10:00am,USD,ISM Services PMI,High Impact Expected
2021-07-07,2:00pm,USD,FOMC Meeting Minutes,High Impact Expected
2021-07-13,8:30am,USD,CPI m/m,High Impact Expected
2021-07-13,8:30am,USD,CPI y/y,High Impact Expected
2021-07-13,8:30am,USD,Core CPI m/m,High Impact Expected
2021-07-13,8:30am,USD,Core CPI y/y,High Impact Expected
2021-07-14,12:00pm,USD,Fed Chairman Powell Testifies,High Impact Expected
2021-07-14,8:30am,USD,PPI m/m,High Impact Expected
2021-07-15,9:30am,USD,Fed Chairman Powell Testifies,High Impact Expected
2021-07-16,8:30am,USD,Core Retail Sales m/m,High Impact Expected
2021-07-16,8:30am,USD,Retail Sales m/m,High Impact Expected
2021-07-27,10:00am,USD,CB Consumer Confidence,High Impact Expected
2021-07-28,2:00pm,USD,FOMC Statement,High Impact Expected
2021-07-28,2:30pm,USD,FOMC Press Conference,High Impact Expected
2021-07-29,8:30am,USD,Advance GDP q/q,High Impact Expected
2021-07-30,8:30am,USD,Core PCE Price Index m/m,High Impact Expected
2021-08-02,10:00am,USD,ISM Manufacturing PMI,High Impact Expected
2021-08-04,10:00am,USD,ISM Services PMI,High Impact Expected
2021-08-04,8:15am,USD,ADP Non-Farm Employment Change,High Impact Expected
2021-08-06,8:30am,USD,Average Hourly Earnings m/m,High Impact Expected
2021-08-06,8:30am,USD,Non-Farm Employment Change,High Impact Expected
2021-08-06,8:30am,USD,Unemployment Rate,High Impact Expected
2021-08-11,8:30am,USD,CPI m/m,High Impact Expected
2021-08-11,8:30am,USD,CPI y/y,High Impact Expected
2021-08-11,8:30am,USD,Core CPI m/m,High Impact Expected
2021-08-11,8:30am,USD,Core CPI y/y,High Impact Expected
2021-08-12,8:30am,USD,PPI m/m,High Impact Expected
2021-08-17,1:30pm,USD,FOMC Member Powell Speaks,High Impact Expected
2021-08-17,8:30am,USD,Core Retail Sales m/m,High Impact Expected
2021-08-17,8:30am,USD,Retail Sales m/m,High Impact Expected
2021-08-18,2:00pm,USD,FOMC Meeting Minutes,High Impact Expected
2021-08-26,8:30am,USD,Prelim GDP q/q,High Impact Expected
2021-08-27,10:00am,USD,FOMC Member Powell Speaks,High Impact Expected
2021-08-27,8:30am,USD,Core PCE Price Index m/m,High Impact Expected
2021-09-01,10:00am,USD,ISM Manufacturing PMI,High Impact Expected
2021-09-01,8:15am,USD,ADP Non-Farm Employment Change,High Impact Expected
2021-09-03,10:00am,USD,ISM Services PMI,High Impact Expected
2021-09-03,8:30am,USD,Average Hourly Earnings m/m,High Impact Expected
2021-09-03,8:30am,USD,Non-Farm Employment Change,High Impact Expected
2021-09-03,8:30am,USD,Unemployment Rate,High Impact Expected
2021-09-10,8:30am,USD,PPI m/m,High Impact Expected
2021-09-14,8:30am,USD,CPI m/m,High Impact Expected
2021-09-14,8:30am,USD,CPI y/y,High Impact Expected
2021-09-14,8:30am,USD,Core CPI m/m,High Impact Expected
2021-09-14,8:30am,USD,Core CPI y/y,High Impact Expected
2021-09-16,8:30am,USD,Core Retail Sales m/m,High Impact Expected
2021-09-16,8:30am,USD,Retail Sales m/m,High Impact Expected
2021-09-22,2:00pm,USD,FOMC Economic Projections,High Impact Expected
2021-09-22,2:00pm,USD,FOMC Statement,High Impact Expected
2021-09-22,2:30pm,USD,FOMC Press Conference,High Impact Expected
2021-09-24,10:00am,USD,FOMC Member Powell Speaks,High Impact Expected
2021-09-28,10:00am,USD,Fed Chairman Powell Testifies,High Impact Expected
2021-09-29,11:45am,USD,FOMC Member Powell Speaks,High Impact Expected
2021-09-30,10:00am,USD,Fed Chairman Powell Testifies,High Impact Expected
2021-10-01,10:00am,USD,ISM Manufacturing PMI,High Impact Expected
2021-10-01,8:30am,USD,Core PCE Price Index m/m,High Impact Expected
2021-10-05,10:00am,USD,ISM Services PMI,High Impact Expected
2021-10-06,8:15am,USD,ADP Non-Farm Employment Change,High Impact Expected
2021-10-08,8:30am,USD,Average Hourly Earnings m/m,High Impact Expected
2021-10-08,8:30am,USD,Non-Farm Employment Change,High Impact Expected
2021-10-08,8:30am,USD,Unemployment Rate,High Impact Expected
2021-10-13,2:00pm,USD,FOMC Meeting Minutes,High Impact Expected
2021-10-13,8:30am,USD,CPI m/m,High Impact Expected
2021-10-13,8:30am,USD,CPI y/y,High Impact Expected
2021-10-13,8:30am,USD,Core CPI m/m,High Impact Expected
2021-10-13,8:30am,USD,Core CPI y/y,High Impact Expected
2021-10-14,8:30am,USD,PPI m/m,High Impact Expected
2021-10-15,8:30am,USD,Core Retail Sales m/m,High Impact Expected
2021-10-15,8:30am,USD,Retail Sales m/m,High Impact Expected
2021-10-22,11:00am,USD,FOMC Member Powell Speaks,High Impact Expected
2021-10-28,8:30am,USD,Advance GDP q/q,High Impact Expected
2021-10-29,8:30am,USD,Core PCE Price Index m/m,High Impact Expected
2021-11-01,10:00am,USD,ISM Manufacturing PMI,High Impact Expected
2021-11-03,10:00am,USD,ISM Services PMI,High Impact Expected
2021-11-03,2:00pm,USD,FOMC Statement,High Impact Expected
2021-11-03,2:00pm,USD,Federal Funds Rate,High Impact Expected
2021-11-03,2:30pm,USD,FOMC Press Conference,High Impact Expected
2021-11-03,8:15am,USD,ADP Non-Farm Employment Change,High Impact Expected
2021-11-05,8:30am,USD,Average Hourly Earnings m/m,High Impact Expected
2021-11-05,8:30am,USD,Non-Farm Employment Change,High Impact Expected
2021-11-05,8:30am,USD,Unemployment Rate,High Impact Expected
2021-11-08,10:30am,USD,FOMC Member Powell Speaks,High Impact Expected
2021-11-09,8:30am,USD,PPI m/m,High Impact Expected
2021-11-09,9:00am,USD,FOMC Member Powell Speaks,High Impact Expected
2021-11-10,8:30am,USD,CPI m/m,High Impact Expected
2021-11-10,8:30am,USD,CPI y/y,High Impact Expected
2021-11-10,8:30am,USD,Core CPI m/m,High Impact Expected
2021-11-10,8:30am,USD,Core CPI y/y,High Impact Expected
2021-11-16,8:30am,USD,Core Retail Sales m/m,High Impact Expected
2021-11-16,8:30am,USD,Retail Sales m/m,High Impact Expected
2021-11-24,10:00am,USD,Core PCE Price Index m/m,High Impact Expected
2021-11-24,2:00pm,USD,FOMC Meeting Minutes,High Impact Expected
2021-11-24,8:30am,USD,Prelim GDP q/q,High Impact Expected
2021-11-30,10:00am,USD,Fed Chairman Powell Testifies,High Impact Expected
2021-12-01,10:00am,USD,Fed Chairman Powell Testifies,High Impact Expected
2021-12-01,10:00am,USD,ISM Manufacturing PMI,High Impact Expected
2021-12-01,8:15am,USD,ADP Non-Farm Employment Change,High Impact Expected
2021-12-03,10:00am,USD,ISM Services PMI,High Impact Expected
2021-12-03,8:30am,USD,Average Hourly Earnings m/m,High Impact Expected
2021-12-03,8:30am,USD,Non-Farm Employment Change,High Impact Expected
2021-12-03,8:30am,USD,Unemployment Rate,High Impact Expected
2021-12-03,9:00am,USD,Treasury Currency Report,High Impact Expected
2021-12-08,10:00am,USD,JOLTS Job Openings,High Impact Expected
2021-12-10,8:30am,USD,CPI m/m,High Impact Expected
2021-12-10,8:30am,USD,CPI y/y,High Impact Expected
2021-12-10,8:30am,USD,Core CPI m/m,High Impact Expected
2021-12-10,8:30am,USD,Core CPI y/y,High Impact Expected
2021-12-14,8:30am,USD,PPI m/m,High Impact Expected
2021-12-15,2:00pm,USD,FOMC Economic Projections,High Impact Expected
2021-12-15,2:00pm,USD,FOMC Statement,High Impact Expected
2021-12-15,2:00pm,USD,Federal Funds Rate,High Impact Expected
2021-12-15,2:30pm,USD,FOMC Press Conference,High Impact Expected
2021-12-15,8:30am,USD,Core Retail Sales m/m,High Impact Expected
2021-12-15,8:30am,USD,Retail Sales m/m,High Impact Expected
2021-12-23,8:30am,USD,Core PCE Price Index m/m,High Impact Expected
2022-01-04,10:00am,USD,ISM Manufacturing PMI,High Impact Expected
2022-01-04,10:00am,USD,JOLTS Job Openings,High Impact Expected
2022-01-05,2:00pm,USD,FOMC Meeting Minutes,High Impact Expected
2022-01-05,8:15am,USD,ADP Non-Farm Employment Change,High Impact Expected
2022-01-06,10:00am,USD,ISM Services PMI,High Impact Expected
2022-01-07,8:30am,USD,Average Hourly Earnings m/m,High Impact Expected
2022-01-07,8:30am,USD,Non-Farm Employment Change,High Impact Expected
2022-01-07,8:30am,USD,Unemployment Rate,High Impact Expected
2022-01-11,10:00am,USD,Fed Chairman Powell Testifies,High Impact Expected
2022-01-12,8:30am,USD,CPI m/m,High Impact Expected
2022-01-12,8:30am,USD,CPI y/y,High Impact Expected
2022-01-12,8:30am,USD,Core CPI m/m,High Impact Expected
2022-01-12,8:30am,USD,Core CPI y/y,High Impact Expected
2022-01-13,8:30am,USD,PPI m/m,High Impact Expected
2022-01-14,8:30am,USD,Core Retail Sales m/m,High Impact Expected
2022-01-14,8:30am,USD,Retail Sales m/m,High Impact Expected
2022-01-26,2:00pm,USD,FOMC Statement,High Impact Expected
2022-01-26,2:00pm,USD,Federal Funds Rate,High Impact Expected
2022-01-26,2:30pm,USD,FOMC Press Conference,High Impact Expected
2022-01-27,8:30am,USD,Advance GDP q/q,High Impact Expected
2022-01-28,8:30am,USD,Core PCE Price Index m/m,High Impact Expected
2022-02-01,10:00am,USD,ISM Manufacturing PMI,High Impact Expected
2022-02-01,10:00am,USD,JOLTS Job Openings,High Impact Expected
2022-02-02,8:15am,USD,ADP Non-Farm Employment Change,High Impact Expected
2022-02-03,10:00am,USD,ISM Services PMI,High Impact Expected
2022-02-03,9:00am,USD,Fed Gov Nomination Hearings,High Impact Expected
2022-02-04,8:30am,USD,Average Hourly Earnings m/m,High Impact Expected
2022-02-04,8:30am,USD,Non-Farm Employment Change,High Impact Expected
2022-02-04,8:30am,USD,Unemployment Rate,High Impact Expected
2022-02-10,8:30am,USD,CPI m/m,High Impact Expected
2022-02-10,8:30am,USD,CPI y/y,High Impact Expected
2022-02-10,8:30am,USD,Core CPI m/m,High Impact Expected
2022-02-10,8:30am,USD,Core CPI y/y,High Impact Expected
2022-02-14,8:30am,USD,FOMC Member Bullard Speaks,High Impact Expected
2022-02-15,8:30am,USD,PPI m/m,High Impact Expected
2022-02-16,2:00pm,USD,FOMC Meeting Minutes,High Impact Expected
2022-02-16,8:30am,USD,Core Retail Sales m/m,High Impact Expected
2022-02-16,8:30am,USD,Retail Sales m/m,High Impact Expected
2022-02-24,8:30am,USD,Prelim GDP q/q,High Impact Expected
2022-02-25,8:30am,USD,Core PCE Price Index m/m,High Impact Expected
2022-03-01,10:00am,USD,ISM Manufacturing PMI,High Impact Expected
2022-03-02,10:00am,USD,Fed Chairman Powell Testifies,High Impact Expected
2022-03-02,8:17am,USD,ADP Non-Farm Employment Change,High Impact Expected
2022-03-03,10:00am,USD,Fed Chairman Powell Testifies,High Impact Expected
2022-03-03,10:00am,USD,ISM Services PMI,High Impact Expected
2022-03-04,8:30am,USD,Average Hourly Earnings m/m,High Impact Expected
2022-03-04,8:30am,USD,Non-Farm Employment Change,High Impact Expected
2022-03-04,8:30am,USD,Unemployment Rate,High Impact Expected
2022-03-09,10:00am,USD,JOLTS Job Openings,High Impact Expected
2022-03-10,7:30am,USD,CPI y/y,High Impact Expected
2022-03-10,8:30am,USD,CPI m/m,High Impact Expected
2022-03-10,8:30am,USD,Core CPI m/m,High Impact Expected
2022-03-10,8:30am,USD,Core CPI y/y,High Impact Expected
2022-03-11,10:00am,USD,Prelim UoM Consumer Sentiment,High Impact Expected
2022-03-15,8:30am,USD,PPI m/m,High Impact Expected
2022-03-16,2:00pm,USD,FOMC Economic Projections,High Impact Expected
2022-03-16,2:00pm,USD,FOMC Statement,High Impact Expected
2022-03-16,2:00pm,USD,Federal Funds Rate,High Impact Expected
2022-03-16,2:30pm,USD,FOMC Press Conference,High Impact Expected
2022-03-16,8:30am,USD,Core Retail Sales m/m,High Impact Expected
2022-03-16,8:30am,USD,Retail Sales m/m,High Impact Expected
2022-03-21,12:30pm,USD,FOMC Member Powell Speaks,High Impact Expected
2022-03-23,8:00am,USD,FOMC Member Powell Speaks,High Impact Expected
2022-03-29,10:00am,USD,JOLTS Job Openings,High Impact Expected
2022-03-30,8:15am,USD,ADP Non-Farm Employment Change,High Impact Expected
2022-03-31,8:30am,USD,Core PCE Price Index m/m,High Impact Expected
2022-04-01,10:00am,USD,ISM Manufacturing PMI,High Impact Expected
2022-04-01,8:30am,USD,Average Hourly Earnings m/m,High Impact Expected
2022-04-01,8:30am,USD,Non-Farm Employment Change,High Impact Expected
2022-04-01,8:30am,USD,Unemployment Rate,High Impact Expected
2022-04-05,10:00am,USD,ISM Services PMI,High Impact Expected
2022-04-06,2:00pm,USD,FOMC Meeting Minutes,High Impact Expected
2022-04-12,8:30am,USD,CPI m/m,High Impact Expected
2022-04-12,8:30am,USD,CPI y/y,High Impact Expected
2022-04-12,8:30am,USD,Core CPI m/m,High Impact Expected
2022-04-12,8:30am,USD,Core CPI y/y,High Impact Expected
2022-04-13,8:30am,USD,PPI m/m,High Impact Expected
2022-04-14,8:30am,USD,Core Retail Sales m/m,High Impact Expected
2022-04-14,8:30am,USD,Retail Sales m/m,High Impact Expected
2022-04-21,1:00pm,USD,FOMC Member Powell Speaks,High Impact Expected
2022-04-28,8:30am,USD,Advance GDP q/q,High Impact Expected
2022-04-29,8:30am,USD,Core PCE Price Index m/m,High Impact Expected
2022-05-02,10:00am,USD,ISM Manufacturing PMI,High Impact Expected
2022-05-03,10:00am,USD,JOLTS Job Openings,High Impact Expected
2022-05-04,2:00pm,USD,FOMC Statement,High Impact Expected
2022-05-04,2:00pm,USD,Federal Funds Rate,High Impact Expected
2022-05-04,2:30pm,USD,FOMC Press Conference,High Impact Expected
2022-05-04,8:15am,USD,ADP Non-Farm Employment Change,High Impact Expected
2022-05-06,8:30am,USD,Average Hourly Earnings m/m,High Impact Expected
2022-05-06,8:30am,USD,Non-Farm Employment Change,High Impact Expected
2022-05-06,8:30am,USD,Unemployment Rate,High Impact Expected
2022-05-11,8:30am,USD,CPI m/m,High Impact Expected
2022-05-11,8:30am,USD,CPI y/y,High Impact Expected
2022-05-11,8:30am,USD,Core CPI m/m,High Impact Expected
2022-05-11,8:30am,USD,Core CPI y/y,High Impact Expected
2022-05-12,8:30am,USD,PPI m/m,High Impact Expected
2022-05-17,2:00pm,USD,FOMC Member Powell Speaks,High Impact Expected
2022-05-17,8:30am,USD,Core Retail Sales m/m,High Impact Expected
2022-05-17,8:30am,USD,Retail Sales m/m,High Impact Expected
2022-05-19,9:00am,USD,Fed Gov Nomination Hearings,High Impact Expected
2022-05-25,2:00pm,USD,FOMC Meeting Minutes,High Impact Expected
2022-05-26,8:30am,USD,Prelim GDP q/q,High Impact Expected
2022-05-27,8:30am,USD,Core PCE Price Index m/m,High Impact Expected
2022-06-01,10:00am,USD,ISM Manufacturing PMI,High Impact Expected
2022-06-01,10:00am,USD,JOLTS Job Openings,High Impact Expected
2022-06-02,8:15am,USD,ADP Non-Farm Employment Change,High Impact Expected
2022-06-03,8:30am,USD,Average Hourly Earnings m/m,High Impact Expected
2022-06-03,8:30am,USD,Non-Farm Employment Change,High Impact Expected
2022-06-03,8:30am,USD,Unemployment Rate,High Impact Expected
2022-06-10,8:30am,USD,CPI m/m,High Impact Expected
2022-06-10,8:30am,USD,CPI y/y,High Impact Expected
2022-06-10,8:30am,USD,Core CPI m/m,High Impact Expected
2022-06-10,8:30am,USD,Core CPI y/y,High Impact Expected
2022-06-10,9:00am,USD,Treasury Currency Report,High Impact Expected
2022-06-14,8:30am,USD,PPI m/m,High Impact Expected
2022-06-15,2:00pm,USD,FOMC Economic Projections,High Impact Expected
2022-06-15,2:00pm,USD,FOMC Statement,High Impact Expected
2022-06-15,2:00pm,USD,Federal Funds Rate,High Impact Expected
2022-06-15,2:30pm,USD,FOMC Press Conference,High Impact Expected
2022-06-15,8:30am,USD,Core Retail Sales m/m,High Impact Expected
2022-06-15,8:30am,USD,Retail Sales m/m,High Impact Expected
2022-06-17,8:45am,USD,FOMC Member Powell Speaks,High Impact Expected
2022-06-22,9:30am,USD,Fed Chairman Powell Testifies,High Impact Expected
2022-06-23,10:00am,USD,Fed Chairman Powell Testifies,High Impact Expected
2022-06-28,10:00am,USD,CB Consumer Confidence,High Impact Expected
2022-06-29,9:00am,USD,FOMC Member Powell Speaks,High Impact Expected
2022-06-30,8:30am,USD,Core PCE Price Index m/m,High Impact Expected
2022-07-01,10:00am,USD,ISM Manufacturing PMI,High Impact Expected
2022-07-06,10:00am,USD,JOLTS Job Openings,High Impact Expected
2022-07-06,2:00pm,USD,FOMC Meeting Minutes,High Impact Expected
2022-07-08,8:30am,USD,Average Hourly Earnings m/m,High Impact Expected
2022-07-08,8:30am,USD,Non-Farm Employment Change,High Impact Expected
2022-07-08,8:30am,USD,Unemployment Rate,High Impact Expected
2022-07-13,8:30am,USD,CPI m/m,High Impact Expected
2022-07-13,8:30am,USD,CPI y/y,High Impact Expected
2022-07-13,8:30am,USD,Core CPI m/m,High Impact Expected
2022-07-13,8:30am,USD,Core CPI y/y,High Impact Expected
2022-07-14,8:30am,USD,PPI m/m,High Impact Expected
2022-07-15,10:00am,USD,Prelim UoM Consumer Sentiment,High Impact Expected
2022-07-15,8:30am,USD,Core Retail Sales m/m,High Impact Expected
2022-07-15,8:30am,USD,Retail Sales m/m,High Impact Expected
2022-07-22,9:45am,USD,Flash Services PMI,High Impact Expected
2022-07-26,10:00am,USD,CB Consumer Confidence,High Impact Expected
2022-07-27,2:00pm,USD,FOMC Statement,High Impact Expected
2022-07-27,2:00pm,USD,Federal Funds Rate,High Impact Expected
2022-07-27,2:30pm,USD,FOMC Press Conference,High Impact Expected
2022-07-28,8:30am,USD,Advance GDP q/q,High Impact Expected
2022-07-29,8:30am,USD,Core PCE Price Index m/m,High Impact Expected
2022-08-01,10:00am,USD,ISM Manufacturing PMI,High Impact Expected
2022-08-02,10:00am,USD,JOLTS Job Openings,High Impact Expected
2022-08-03,10:00am,USD,ISM Services PMI,High Impact Expected
2022-08-05,8:30am,USD,Average Hourly Earnings m/m,High Impact Expected
2022-08-05,8:30am,USD,Non-Farm Employment Change,High Impact Expected
2022-08-05,8:30am,USD,Unemployment Rate,High Impact Expected
2022-08-10,8:30am,USD,CPI m/m,High Impact Expected
2022-08-10,8:30am,USD,CPI y/y,High Impact Expected
2022-08-10,8:30am,USD,Core CPI m/m,High Impact Expected
2022-08-10,8:30am,USD,Core CPI y/y,High Impact Expected
2022-08-11,8:30am,USD,PPI m/m,High Impact Expected
2022-08-12,10:00am,USD,Prelim UoM Consumer Sentiment,High Impact Expected
2022-08-17,2:00pm,USD,FOMC Meeting Minutes,High Impact Expected
2022-08-17,8:30am,USD,Core Retail Sales m/m,High Impact Expected
2022-08-17,8:30am,USD,Retail Sales m/m,High Impact Expected
2022-08-18,8:30am,USD,Philly Fed Manufacturing Index,High Impact Expected
2022-08-23,9:45am,USD,Flash Services PMI,High Impact Expected
2022-08-24,10:00am,USD,Prelim Benchmark Payrolls Revision,High Impact Expected
2022-08-25,8:30am,USD,Prelim GDP q/q,High Impact Expected
2022-08-26,10:00am,USD,FOMC Member Powell Speaks,High Impact Expected
2022-08-26,8:30am,USD,Core PCE Price Index m/m,High Impact Expected
2022-08-30,10:00am,USD,CB Consumer Confidence,High Impact Expected
2022-08-30,10:00am,USD,JOLTS Job Openings,High Impact Expected
2022-08-31,8:15am,USD,ADP Non-Farm Employment Change,High Impact Expected
2022-09-01,10:00am,USD,ISM Manufacturing PMI,High Impact Expected
2022-09-02,8:30am,USD,Average Hourly Earnings m/m,High Impact Expected
2022-09-02,8:30am,USD,Non-Farm Employment Change,High Impact Expected
2022-09-02,8:30am,USD,Unemployment Rate,High Impact Expected
2022-09-06,10:00am,USD,ISM Services PMI,High Impact Expected
2022-09-08,9:10am,USD,FOMC Member Powell Speaks,High Impact Expected
2022-09-13,8:30am,USD,CPI m/m,High Impact Expected
2022-09-13,8:30am,USD,CPI y/y,High Impact Expected
2022-09-13,8:30am,USD,Core CPI m/m,High Impact Expected
2022-09-13,8:30am,USD,Core CPI y/y,High Impact Expected
2022-09-14,8:30am,USD,PPI m/m,High Impact Expected
2022-09-15,8:30am,USD,Core Retail Sales m/m,High Impact Expected
2022-09-15,8:30am,USD,Empire State Manufacturing Index,High Impact Expected
2022-09-15,8:30am,USD,Retail Sales m/m,High Impact Expected
2022-09-16,10:00am,USD,Prelim UoM Consumer Sentiment,High Impact Expected
2022-09-21,2:00pm,USD,FOMC Economic Projections,High Impact Expected
2022-09-21,2:00pm,USD,FOMC Statement,High Impact Expected
2022-09-21,2:00pm,USD,Federal Funds Rate,High Impact Expected
2022-09-21,2:30pm,USD,FOMC Press Conference,High Impact Expected
2022-09-23,2:00pm,USD,FOMC Member Powell Speaks,High Impact Expected
2022-09-23,9:45am,USD,Flash Services PMI,High Impact Expected
2022-09-27,10:00am,USD,CB Consumer Confidence,High Impact Expected
2022-09-27,7:30am,USD,FOMC Member Powell Speaks,High Impact Expected
2022-09-30,8:30am,USD,Core PCE Price Index m/m,High Impact Expected
2022-10-03,10:00am,USD,ISM Manufacturing PMI,High Impact Expected
2022-10-03,3:00pm,USD,FOMC Member Powell Speaks,High Impact Expected
2022-10-04,10:00am,USD,JOLTS Job Openings,High Impact Expected
2022-10-05,10:00am,USD,ISM Services PMI,High Impact Expected
2022-10-05,8:15am,USD,ADP Non-Farm Employment Change,High Impact Expected
2022-10-07,8:30am,USD,Average Hourly Earnings m/m,High Impact Expected
2022-10-07,8:30am,USD,Non-Farm Employment Change,High Impact Expected
2022-10-07,8:30am,USD,Unemployment Rate,High Impact Expected
2022-10-12,2:00pm,USD,FOMC Meeting Minutes,High Impact Expected
2022-10-12,8:30am,USD,PPI m/m,High Impact Expected
2022-10-13,8:30am,USD,CPI m/m,High Impact Expected
2022-10-13,8:30am,USD,CPI y/y,High Impact Expected
2022-10-13,8:30am,USD,Core CPI m/m,High Impact Expected
2022-10-13,8:30am,USD,Core CPI y/y,High Impact Expected
2022-10-14,10:00am,USD,Prelim UoM Consumer Sentiment,High Impact Expected
2022-10-14,8:30am,USD,Core Retail Sales m/m,High Impact Expected
2022-10-14,8:30am,USD,Retail Sales m/m,High Impact Expected
2022-10-17,8:30am,USD,Empire State Manufacturing Index,High Impact Expected
2022-10-20,8:30am,USD,Philly Fed Manufacturing Index,High Impact Expected
2022-10-24,9:45am,USD,Flash Services PMI,High Impact Expected
2022-10-25,10:00am,USD,CB Consumer Confidence,High Impact Expected
2022-10-27,8:30am,USD,Advance GDP q/q,High Impact Expected
2022-10-28,8:30am,USD,Core PCE Price Index m/m,High Impact Expected
2022-11-01,10:00am,USD,ISM Manufacturing PMI,High Impact Expected
2022-11-01,10:00am,USD,JOLTS Job Openings,High Impact Expected
2022-11-02,2:00pm,USD,FOMC Statement,High Impact Expected
2022-11-02,2:00pm,USD,Federal Funds Rate,High Impact Expected
2022-11-02,2:30pm,USD,FOMC Press Conference,High Impact Expected
2022-11-02,8:15am,USD,ADP Non-Farm Employment Change,High Impact Expected
2022-11-03,10:00am,USD,ISM Services PMI,High Impact Expected
2022-11-04,8:30am,USD,Average Hourly Earnings m/m,High Impact Expected
2022-11-04,8:30am,USD,Non-Farm Employment Change,High Impact Expected
2022-11-04,8:30am,USD,Unemployment Rate,High Impact Expected
2022-11-08,10:16am,USD,Congressional Elections,High Impact Expected
2022-11-10,8:30am,USD,CPI m/m,High Impact Expected
2022-11-10,8:30am,USD,CPI y/y,High Impact Expected
2022-11-10,8:30am,USD,Core CPI m/m,High Impact Expected
2022-11-10,8:30am,USD,Core CPI y/y,High Impact Expected
2022-11-10,9:00am,USD,Treasury Currency Report,High Impact Expected
2022-11-11,10:00am,USD,Prelim UoM Consumer Sentiment,High Impact Expected
2022-11-15,8:30am,USD,Empire State Manufacturing Index,High Impact Expected
2022-11-15,8:30am,USD,PPI m/m,High Impact Expected
2022-11-16,8:30am,USD,Core Retail Sales m/m,High Impact Expected
2022-11-16,8:30am,USD,Retail Sales m/m,High Impact Expected
2022-11-17,8:30am,USD,Philly Fed Manufacturing Index,High Impact Expected
2022-11-23,2:00pm,USD,FOMC Meeting Minutes,High Impact Expected
2022-11-23,9:45am,USD,Flash Services PMI,High Impact Expected
2022-11-29,10:00am,USD,CB Consumer Confidence,High Impact Expected
2022-11-30,10:00am,USD,JOLTS Job Openings,High Impact Expected
2022-11-30,1:30pm,USD,FOMC Member Powell Speaks,High Impact Expected
2022-11-30,8:15am,USD,ADP Non-Farm Employment Change,High Impact Expected
2022-11-30,8:30am,USD,Prelim GDP q/q,High Impact Expected
2022-12-01,10:00am,USD,ISM Manufacturing PMI,High Impact Expected
2022-12-01,8:30am,USD,Core PCE Price Index m/m,High Impact Expected
2022-12-02,8:30am,USD,Average Hourly Earnings m/m,High Impact Expected
2022-12-02,8:30am,USD,Non-Farm Employment Change,High Impact Expected
2022-12-02,8:30am,USD,Unemployment Rate,High Impact Expected
2022-12-05,10:00am,USD,ISM Services PMI,High Impact Expected
2022-12-09,10:00am,USD,Prelim UoM Consumer Sentiment,High Impact Expected
2022-12-09,8:30am,USD,Core PPI m/m,High Impact Expected
2022-12-09,8:30am,USD,PPI m/m,High Impact Expected
2022-12-13,8:30am,USD,CPI m/m,High Impact Expected
2022-12-13,8:30am,USD,CPI y/y,High Impact Expected
2022-12-13,8:30am,USD,Core CPI m/m,High Impact Expected
2022-12-13,8:30am,USD,Core CPI y/y,High Impact Expected
2022-12-14,2:00pm,USD,FOMC Economic Projections,High Impact Expected
2022-12-14,2:00pm,USD,FOMC Statement,High Impact Expected
2022-12-14,2:00pm,USD,Federal Funds Rate,High Impact Expected
2022-12-14,2:30pm,USD,FOMC Press Conference,High Impact Expected
2022-12-15,8:30am,USD,Core Retail Sales m/m,High Impact Expected
2022-12-15,8:30am,USD,Empire State Manufacturing Index,High Impact Expected
2022-12-15,8:30am,USD,Retail Sales m/m,High Impact Expected
2022-12-16,9:45am,USD,Flash Services PMI,High Impact Expected
2022-12-21,10:00am,USD,CB Consumer Confidence,High Impact Expected
2022-12-23,8:30am,USD,Core PCE Price Index m/m,High Impact Expected
2023-01-04,10:00am,USD,ISM Manufacturing PMI,High Impact Expected
2023-01-04,10:00am,USD,JOLTS Job Openings,High Impact Expected
2023-01-04,2:00pm,USD,FOMC Meeting Minutes,High Impact Expected
2023-01-05,8:15am,USD,ADP Non-Farm Employment Change,High Impact Expected
2023-01-06,10:00am,USD,ISM Services PMI,High Impact Expected
2023-01-06,8:30am,USD,Average Hourly Earnings m/m,High Impact Expected
2023-01-06,8:30am,USD,Non-Farm Employment Change,High Impact Expected
2023-01-06,8:30am,USD,Unemployment Rate,High Impact Expected
2023-01-10,9:00am,USD,FOMC Member Powell Speaks,High Impact Expected
2023-01-12,8:30am,USD,CPI m/m,High Impact Expected
2023-01-12,8:30am,USD,CPI y/y,High Impact Expected
2023-01-12,8:30am,USD,Core CPI m/m,High Impact Expected
2023-01-12,8:30am,USD,Core CPI y/y,High Impact Expected
2023-01-13,10:00am,USD,Prelim UoM Consumer Sentiment,High Impact Expected
2023-01-17,8:30am,USD,Empire State Manufacturing Index,High Impact Expected
2023-01-18,8:30am,USD,Core PPI m/m,High Impact Expected
2023-01-18,8:30am,USD,Core Retail Sales m/m,High Impact Expected
2023-01-18,8:30am,USD,PPI m/m,High Impact Expected
2023-01-18,8:30am,USD,Retail Sales m/m,High Impact Expected
2023-01-24,9:45am,USD,Flash Services PMI,High Impact Expected
2023-01-26,8:30am,USD,Advance GDP q/q,High Impact Expected
2023-01-27,8:30am,USD,Core PCE Price Index m/m,High Impact Expected
2023-01-31,10:00am,USD,CB Consumer Confidence,High Impact Expected
2023-02-01,10:00am,USD,ISM Manufacturing PMI,High Impact Expected
2023-02-01,10:00am,USD,JOLTS Job Openings,High Impact Expected
2023-02-01,2:00pm,USD,FOMC Statement,High Impact Expected
2023-02-01,2:00pm,USD,Federal Funds Rate,High Impact Expected
2023-02-01,2:30pm,USD,FOMC Press Conference,High Impact Expected
2023-02-01,8:15am,USD,ADP Non-Farm Employment Change,High Impact Expected
2023-02-03,10:00am,USD,ISM Services PMI,High Impact Expected
2023-02-03,8:30am,USD,Average Hourly Earnings m/m,High Impact Expected
2023-02-03,8:30am,USD,Non-Farm Employment Change,High Impact Expected
2023-02-03,8:30am,USD,Unemployment Rate,High Impact Expected
2023-02-07,12:40pm,USD,FOMC Member Powell Speaks,High Impact Expected
2023-02-08,9:15am,USD,FOMC Member Williams Speaks,High Impact Expected
2023-02-10,10:00am,USD,Prelim UoM Consumer Sentiment,High Impact Expected
2023-02-14,8:30am,USD,CPI m/m,High Impact Expected
2023-02-14,8:30am,USD,CPI y/y,High Impact Expected
2023-02-14,8:30am,USD,Core CPI m/m,High Impact Expected
2023-02-14,8:30am,USD,Core CPI y/y,High Impact Expected
2023-02-15,8:30am,USD,Core Retail Sales m/m,High Impact Expected
2023-02-15,8:30am,USD,Empire State Manufacturing Index,High Impact Expected
2023-02-15,8:30am,USD,Retail Sales m/m,High Impact Expected
2023-02-16,8:30am,USD,Core PPI m/m,High Impact Expected
2023-02-16,8:30am,USD,PPI m/m,High Impact Expected
2023-02-21,9:45am,USD,Flash Services PMI,High Impact Expected
2023-02-22,2:00pm,USD,FOMC Meeting Minutes,High Impact Expected
2023-02-23,8:30am,USD,Prelim GDP q/q,High Impact Expected
2023-02-24,8:30am,USD,Core PCE Price Index m/m,High Impact Expected
2023-02-28,10:00am,USD,CB Consumer Confidence,High Impact Expected
2023-03-01,10:00am,USD,ISM Manufacturing PMI,High Impact Expected
2023-03-03,10:00am,USD,ISM Services PMI,High Impact Expected
2023-03-07,10:00am,USD,Fed Chairman Powell Testifies,High Impact Expected
2023-03-08,10:00am,USD,Fed Chairman Powell Testifies,High Impact Expected
2023-03-08,10:00am,USD,JOLTS Job Openings,High Impact Expected
2023-03-08,8:15am,USD,ADP Non-Farm Employment Change,High Impact Expected
2023-03-10,8:30am,USD,Average Hourly Earnings m/m,High Impact Expected
2023-03-10,8:30am,USD,Non-Farm Employment Change,High Impact Expected
2023-03-10,8:30am,USD,Unemployment Rate,High Impact Expected
2023-03-12,6:20pm,USD,Fed Announcement,High Impact Expected
2023-03-14,8:30am,USD,CPI m/m,High Impact Expected
2023-03-14,8:30am,USD,CPI y/y,High Impact Expected
2023-03-14,8:30am,USD,Core CPI m/m,High Impact Expected
2023-03-14,8:30am,USD,Core CPI y/y,High Impact Expected
2023-03-15,8:30am,USD,Core PPI m/m,High Impact Expected
2023-03-15,8:30am,USD,Core Retail Sales m/m,High Impact Expected
2023-03-15,8:30am,USD,Empire State Manufacturing Index,High Impact Expected
2023-03-15,8:30am,USD,PPI m/m,High Impact Expected
2023-03-15,8:30am,USD,Retail Sales m/m,High Impact Expected
2023-03-16,8:30am,USD,Unemployment Claims,High Impact Expected
2023-03-17,10:00am,USD,Prelim UoM Consumer Sentiment,High Impact Expected
2023-03-19,5:00pm,USD,Fed Announcement,High Impact Expected
2023-03-22,2:00pm,USD,FOMC Economic Projections,High Impact Expected
2023-03-22,2:00pm,USD,FOMC Statement,High Impact Expected
2023-03-22,2:00pm,USD,Federal Funds Rate,High Impact Expected
2023-03-22,2:30pm,USD,FOMC Press Conference,High Impact Expected
2023-03-23,8:30am,USD,Unemployment Claims,High Impact Expected
2023-03-24,9:45am,USD,Flash Manufacturing PMI,High Impact Expected
2023-03-24,9:45am,USD,Flash Services PMI,High Impact Expected
2023-03-28,10:00am,USD,CB Consumer Confidence,High Impact Expected
2023-03-30,8:30am,USD,Final GDP q/q,High Impact Expected
2023-03-30,8:30am,USD,Unemployment Claims,High Impact Expected
2023-03-31,8:30am,USD,Core PCE Price Index m/m,High Impact Expected
2023-04-03,10:00am,USD,ISM Manufacturing PMI,High Impact Expected
2023-04-04,10:00am,USD,JOLTS Job Openings,High Impact Expected
2023-04-05,10:00am,USD,ISM Services PMI,High Impact Expected
2023-04-05,8:15am,USD,ADP Non-Farm Employment Change,High Impact Expected
2023-04-06,8:30am,USD,Unemployment Claims,High Impact Expected
2023-04-07,8:30am,USD,Average Hourly Earnings m/m,High Impact Expected
2023-04-07,8:30am,USD,Non-Farm Employment Change,High Impact Expected
2023-04-07,8:30am,USD,Unemployment Rate,High Impact Expected
2023-04-12,2:00pm,USD,FOMC Meeting Minutes,High Impact Expected
2023-04-12,8:30am,USD,CPI m/m,High Impact Expected
2023-04-12,8:30am,USD,CPI y/y,High Impact Expected
2023-04-12,8:30am,USD,Core CPI m/m,High Impact Expected
2023-04-12,8:30am,USD,Core CPI y/y,High Impact Expected
2023-04-13,8:30am,USD,Core PPI m/m,High Impact Expected
2023-04-13,8:30am,USD,PPI m/m,High Impact Expected
2023-04-13,8:30am,USD,Unemployment Claims,High Impact Expected
2023-04-14,10:00am,USD,Prelim UoM Consumer Sentiment,High Impact Expected
2023-04-14,8:30am,USD,Core Retail Sales m/m,High Impact Expected
2023-04-14,8:30am,USD,Retail Sales m/m,High Impact Expected
2023-04-17,8:30am,USD,Empire State Manufacturing Index,High Impact Expected
2023-04-20,8:30am,USD,Unemployment Claims,High Impact Expected
2023-04-21,9:45am,USD,Flash Manufacturing PMI,High Impact Expected
2023-04-21,9:45am,USD,Flash Services PMI,High Impact Expected
2023-04-25,10:00am,USD,CB Consumer Confidence,High Impact Expected
2023-04-27,8:30am,USD,Advance GDP q/q,High Impact Expected
2023-04-27,8:30am,USD,Unemployment Claims,High Impact Expected
2023-04-28,8:30am,USD,Core PCE Price Index m/m,High Impact Expected
2023-04-28,8:30am,USD,Employment Cost Index q/q,High Impact Expected
2023-05-01,10:00am,USD,ISM Manufacturing PMI,High Impact Expected
2023-05-02,10:00am,USD,JOLTS Job Openings,High Impact Expected
2023-05-03,10:00am,USD,ISM Services PMI,High Impact Expected
2023-05-03,2:00pm,USD,FOMC Statement,High Impact Expected
2023-05-03,2:00pm,USD,Federal Funds Rate,High Impact Expected
2023-05-03,2:30pm,USD,FOMC Press Conference,High Impact Expected
2023-05-03,8:15am,USD,ADP Non-Farm Employment Change,High Impact Expected
2023-05-04,8:30am,USD,Unemployment Claims,High Impact Expected
2023-05-05,8:30am,USD,Average Hourly Earnings m/m,High Impact Expected
2023-05-05,8:30am,USD,Non-Farm Employment Change,High Impact Expected
2023-05-05,8:30am,USD,Unemployment Rate,High Impact Expected
2023-05-10,8:30am,USD,CPI m/m,High Impact Expected
2023-05-10,8:30am,USD,CPI y/y,High Impact Expected
2023-05-10,8:30am,USD,Core CPI m/m,High Impact Expected
2023-05-10,8:30am,USD,Core CPI y/y,High Impact Expected
2023-05-11,8:30am,USD,Core PPI m/m,High Impact Expected
2023-05-11,8:30am,USD,PPI m/m,High Impact Expected
2023-05-11,8:30am,USD,Unemployment Claims,High Impact Expected
2023-05-12,10:00am,USD,Prelim UoM Consumer Sentiment,High Impact Expected
2023-05-15,8:30am,USD,Empire State Manufacturing Index,High Impact Expected
2023-05-16,8:30am,USD,Core Retail Sales m/m,High Impact Expected
2023-05-16,8:30am,USD,Retail Sales m/m,High Impact Expected
2023-05-18,8:30am,USD,Unemployment Claims,High Impact Expected
2023-05-19,11:00am,USD,FOMC Member Powell Speaks,High Impact Expected
2023-05-23,9:45am,USD,Flash Manufacturing PMI,High Impact Expected
2023-05-23,9:45am,USD,Flash Services PMI,High Impact Expected
2023-05-24,2:00pm,USD,FOMC Meeting Minutes,High Impact Expected
2023-05-25,8:30am,USD,Prelim GDP q/q,High Impact Expected
2023-05-25,8:30am,USD,Unemployment Claims,High Impact Expected
2023-05-26,8:30am,USD,Core PCE Price Index m/m,High Impact Expected
2023-05-30,10:00am,USD,CB Consumer Confidence,High Impact Expected
2023-05-31,10:00am,USD,JOLTS Job Openings,High Impact Expected
2023-06-01,10:00am,USD,ISM Manufacturing PMI,High Impact Expected
2023-06-01,8:15am,USD,ADP Non-Farm Employment Change,High Impact Expected
2023-06-01,8:30am,USD,Unemployment Claims,High Impact Expected
2023-06-02,8:30am,USD,Average Hourly Earnings m/m,High Impact Expected
2023-06-02,8:30am,USD,Non-Farm Employment Change,High Impact Expected
2023-06-02,8:30am,USD,Unemployment Rate,High Impact Expected
2023-06-05,10:00am,USD,ISM Services PMI,High Impact Expected
2023-06-08,8:30am,USD,Unemployment Claims,High Impact Expected
2023-06-13,8:30am,USD,CPI m/m,High Impact Expected
2023-06-13,8:30am,USD,CPI y/y,High Impact Expected
2023-06-13,8:30am,USD,Core CPI m/m,High Impact Expected
2023-06-13,8:30am,USD,Core CPI y/y,High Impact Expected
2023-06-14,2:00pm,USD,FOMC Economic Projections,High Impact Expected
2023-06-14,2:00pm,USD,FOMC Statement,High Impact Expected
2023-06-14,2:00pm,USD,Federal Funds Rate,High Impact Expected
2023-06-14,2:30pm,USD,FOMC Press Conference,High Impact Expected
2023-06-14,8:30am,USD,Core PPI m/m,High Impact Expected
2023-06-14,8:30am,USD,PPI m/m,High Impact Expected
2023-06-15,8:30am,USD,Core Retail Sales m/m,High Impact Expected
2023-06-15,8:30am,USD,Empire State Manufacturing Index,High Impact Expected
2023-06-15,8:30am,USD,Retail Sales m/m,High Impact Expected
2023-06-15,8:30am,USD,Unemployment Claims,High Impact Expected
2023-06-16,10:00am,USD,Prelim UoM Consumer Sentiment,High Impact Expected
2023-06-16,2:00pm,USD,Treasury Currency Report,High Impact Expected
2023-06-21,10:00am,USD,Fed Chairman Powell Testifies,High Impact Expected
2023-06-21,10:00am,USD,Fed Gov Nomination Hearings,High Impact Expected
2023-06-22,10:00am,USD,Fed Chairman Powell Testifies,High Impact Expected
2023-06-22,8:30am,USD,Unemployment Claims,High Impact Expected
2023-06-23,9:45am,USD,Flash Manufacturing PMI,High Impact Expected
2023-06-23,9:45am,USD,Flash Services PMI,High Impact Expected
2023-06-27,10:00am,USD,CB Consumer Confidence,High Impact Expected
2023-06-28,9:30am,USD,FOMC Member Powell Speaks,High Impact Expected
2023-06-29,2:30am,USD,FOMC Member Powell Speaks,High Impact Expected
2023-06-29,8:30am,USD,Final GDP q/q,High Impact Expected
2023-06-29,8:32am,USD,Unemployment Claims,High Impact Expected
2023-06-30,8:30am,USD,Core PCE Price Index m/m,High Impact Expected
2023-07-03,10:00am,USD,ISM Manufacturing PMI,High Impact Expected
2023-07-05,2:00pm,USD,FOMC Meeting Minutes,High Impact Expected
2023-07-06,10:00am,USD,ISM Services PMI,High Impact Expected
2023-07-06,10:00am,USD,JOLTS Job Openings,High Impact Expected
2023-07-06,8:15am,USD,ADP Non-Farm Employment Change,High Impact Expected
2023-07-06,8:30am,USD,Unemployment Claims,High Impact Expected
2023-07-07,8:30am,USD,Average Hourly Earnings m/m,High Impact Expected
2023-07-07,8:30am,USD,Non-Farm Employment Change,High Impact Expected
2023-07-07,8:30am,USD,Unemployment Rate,High Impact Expected
2023-07-12,8:30am,USD,CPI m/m,High Impact Expected
2023-07-12,8:30am,USD,CPI y/y,High Impact Expected
2023-07-12,8:30am,USD,Core CPI m/m,High Impact Expected
2023-07-12,8:30am,USD,Core CPI y/y,High Impact Expected
2023-07-13,8:30am,USD,Core PPI m/m,High Impact Expected
2023-07-13,8:30am,USD,PPI m/m,High Impact Expected
2023-07-13,8:30am,USD,Unemployment Claims,High Impact Expected
2023-07-14,10:00am,USD,Prelim UoM Consumer Sentiment,High Impact Expected
2023-07-17,8:30am,USD,Empire State Manufacturing Index,High Impact Expected
2023-07-18,8:30am,USD,Core Retail Sales m/m,High Impact Expected
2023-07-18,8:30am,USD,Retail Sales m/m,High Impact Expected
2023-07-19,8:30am,USD,Housing Starts,High Impact Expected
2023-07-20,8:30am,USD,Unemployment Claims,High Impact Expected
2023-07-24,9:45am,USD,Flash Manufacturing PMI,High Impact Expected
2023-07-24,9:45am,USD,Flash Services PMI,High Impact Expected
2023-07-25,10:00am,USD,CB Consumer Confidence,High Impact Expected
2023-07-26,2:00pm,USD,FOMC Statement,High Impact Expected
2023-07-26,2:00pm,USD,Federal Funds Rate,High Impact Expected
2023-07-26,2:30pm,USD,FOMC Press Conference,High Impact Expected
2023-07-27,8:30am,USD,Advance GDP q/q,High Impact Expected
2023-07-27,8:30am,USD,Unemployment Claims,High Impact Expected
2023-07-28,10:00am,USD,Revised UoM Consumer Sentiment,High Impact Expected
2023-07-28,8:30am,USD,Core PCE Price Index m/m,High Impact Expected
2023-07-28,8:30am,USD,Employment Cost Index q/q,High Impact Expected
2023-08-01,10:00am,USD,ISM Manufacturing PMI,High Impact Expected
2023-08-01,10:00am,USD,JOLTS Job Openings,High Impact Expected
2023-08-02,8:15am,USD,ADP Non-Farm Employment Change,High Impact Expected
2023-08-03,10:00am,USD,ISM Services PMI,High Impact Expected
2023-08-03,8:30am,USD,Unemployment Claims,High Impact Expected
2023-08-04,8:30am,USD,Average Hourly Earnings m/m,High Impact Expected
2023-08-04,8:30am,USD,Non-Farm Employment Change,High Impact Expected
2023-08-04,8:30am,USD,Unemployment Rate,High Impact Expected
2023-08-10,8:30am,USD,CPI m/m,High Impact Expected
2023-08-10,8:30am,USD,CPI y/y,High Impact Expected
2023-08-10,8:30am,USD,Core CPI m/m,High Impact Expected
2023-08-10,8:30am,USD,Core CPI y/y,High Impact Expected
2023-08-10,8:30am,USD,Unemployment Claims,High Impact Expected
2023-08-11,10:00am,USD,Prelim UoM Consumer Sentiment,High Impact Expected
2023-08-11,8:30am,USD,Core PPI m/m,High Impact Expected
2023-08-11,8:30am,USD,PPI m/m,High Impact Expected
2023-08-15,8:30am,USD,Core Retail Sales m/m,High Impact Expected
2023-08-15,8:30am,USD,Empire State Manufacturing Index,High Impact Expected
2023-08-15,8:30am,USD,Retail Sales m/m,High Impact Expected
2023-08-16,2:00pm,USD,FOMC Meeting Minutes,High Impact Expected
2023-08-17,8:30am,USD,Unemployment Claims,High Impact Expected
2023-08-23,10:00am,USD,Prelim Benchmark Payrolls Revision,High Impact Expected
2023-08-23,9:45am,USD,Flash Manufacturing PMI,High Impact Expected
2023-08-23,9:45am,USD,Flash Services PMI,High Impact Expected
2023-08-24,8:30am,USD,Unemployment Claims,High Impact Expected
2023-08-25,10:00am,USD,Revised UoM Consumer Sentiment,High Impact Expected
2023-08-25,10:05am,USD,FOMC Member Powell Speaks,High Impact Expected
2023-08-29,10:00am,USD,CB Consumer Confidence,High Impact Expected
2023-08-29,10:00am,USD,JOLTS Job Openings,High Impact Expected
2023-08-29,9:00am,USD,S&P/CS Composite-20 HPI y/y,High Impact Expected
2023-08-30,8:15am,USD,ADP Non-Farm Employment Change,High Impact Expected
2023-08-30,8:30am,USD,Prelim GDP q/q,High Impact Expected
2023-08-31,8:30am,USD,Core PCE Price Index m/m,High Impact Expected
2023-08-31,8:30am,USD,Unemployment Claims,High Impact Expected
2023-09-01,10:00am,USD,ISM Manufacturing PMI,High Impact Expected
2023-09-01,8:30am,USD,Average Hourly Earnings m/m,High Impact Expected
2023-09-01,8:30am,USD,Non-Farm Employment Change,High Impact Expected
2023-09-01,8:30am,USD,Unemployment Rate,High Impact Expected
2023-09-06,10:00am,USD,ISM Services PMI,High Impact Expected
2023-09-07,8:30am,USD,Unemployment Claims,High Impact Expected
2023-09-13,8:30am,USD,CPI m/m,High Impact Expected
2023-09-13,8:30am,USD,CPI y/y,High Impact Expected
2023-09-13,8:30am,USD,Core CPI m/m,High Impact Expected
2023-09-13,8:30am,USD,Core CPI y/y,High Impact Expected
2023-09-14,8:30am,USD,Core PPI m/m,High Impact Expected
2023-09-14,8:30am,USD,Core Retail Sales m/m,High Impact Expected
2023-09-14,8:30am,USD,PPI m/m,High Impact Expected
2023-09-14,8:30am,USD,Retail Sales m/m,High Impact Expected
2023-09-14,8:30am,USD,Unemployment Claims,High Impact Expected
2023-09-15,10:00am,USD,Prelim UoM Consumer Sentiment,High Impact Expected
2023-09-15,8:30am,USD,Empire State Manufacturing Index,High Impact Expected
2023-09-20,2:00pm,USD,FOMC Economic Projections,High Impact Expected
2023-09-20,2:00pm,USD,FOMC Statement,High Impact Expected
2023-09-20,2:00pm,USD,Federal Funds Rate,High Impact Expected
2023-09-20,2:30pm,USD,FOMC Press Conference,High Impact Expected
2023-09-21,8:30am,USD,Unemployment Claims,High Impact Expected
2023-09-22,9:45am,USD,Flash Manufacturing PMI,High Impact Expected
2023-09-22,9:45am,USD,Flash Services PMI,High Impact Expected
2023-09-26,10:00am,USD,CB Consumer Confidence,High Impact Expected
2023-09-28,4:00pm,USD,FOMC Member Powell Speaks,High Impact Expected
2023-09-28,8:30am,USD,Final GDP q/q,High Impact Expected
2023-09-28,8:30am,USD,Unemployment Claims,High Impact Expected
2023-09-29,10:00am,USD,Revised UoM Consumer Sentiment,High Impact Expected
2023-09-29,8:30am,USD,Core PCE Price Index m/m,High Impact Expected
2023-10-02,10:00am,USD,ISM Manufacturing PMI,High Impact Expected
2023-10-02,11:00am,USD,FOMC Member Powell Speaks,High Impact Expected
2023-10-03,10:00am,USD,JOLTS Job Openings,High Impact Expected
2023-10-04,10:00am,USD,ISM Services PMI,High Impact Expected
2023-10-04,8:15am,USD,ADP Non-Farm Employment Change,High Impact Expected
2023-10-05,8:30am,USD,Unemployment Claims,High Impact Expected
2023-10-06,8:30am,USD,Average Hourly Earnings m/m,High Impact Expected
2023-10-06,8:30am,USD,Non-Farm Employment Change,High Impact Expected
2023-10-06,8:30am,USD,Unemployment Rate,High Impact Expected
2023-10-11,2:00pm,USD,FOMC Meeting Minutes,High Impact Expected
2023-10-11,8:30am,USD,Core PPI m/m,High Impact Expected
2023-10-11,8:30am,USD,PPI m/m,High Impact Expected
2023-10-12,8:30am,USD,CPI m/m,High Impact Expected
2023-10-12,8:30am,USD,CPI y/y,High Impact Expected
2023-10-12,8:30am,USD,Core CPI m/m,High Impact Expected
2023-10-12,8:30am,USD,Core CPI y/y,High Impact Expected
2023-10-12,8:30am,USD,Unemployment Claims,High Impact Expected
2023-10-13,10:00am,USD,Prelim UoM Consumer Sentiment,High Impact Expected
2023-10-16,8:30am,USD,Empire State Manufacturing Index,High Impact Expected
2023-10-17,8:30am,USD,Core Retail Sales m/m,High Impact Expected
2023-10-17,8:30am,USD,Retail Sales m/m,High Impact Expected
2023-10-19,12:00pm,USD,FOMC Member Powell Speaks,High Impact Expected
2023-10-19,8:30am,USD,Unemployment Claims,High Impact Expected
2023-10-24,9:45am,USD,Flash Manufacturing PMI,High Impact Expected
2023-10-24,9:45am,USD,Flash Services PMI,High Impact Expected
2023-10-25,4:35pm,USD,FOMC Member Powell Speaks,High Impact Expected
2023-10-26,8:30am,USD,Advance GDP q/q,High Impact Expected
2023-10-26,8:30am,USD,Unemployment Claims,High Impact Expected
2023-10-27,10:00am,USD,Revised UoM Consumer Sentiment,High Impact Expected
2023-10-27,8:30am,USD,Core PCE Price Index m/m,High Impact Expected
2023-10-31,10:00am,USD,CB Consumer Confidence,High Impact Expected
2023-10-31,8:30am,USD,Employment Cost Index q/q,High Impact Expected
2023-11-01,10:00am,USD,ISM Manufacturing PMI,High Impact Expected
2023-11-01,10:00am,USD,JOLTS Job Openings,High Impact Expected
2023-11-01,2:00pm,USD,FOMC Statement,High Impact Expected
2023-11-01,2:00pm,USD,Federal Funds Rate,High Impact Expected
2023-11-01,2:30pm,USD,FOMC Press Conference,High Impact Expected
2023-11-01,8:15am,USD,ADP Non-Farm Employment Change,High Impact Expected
2023-11-02,8:30am,USD,Unemployment Claims,High Impact Expected
2023-11-03,10:00am,USD,ISM Services PMI,High Impact Expected
2023-11-03,8:30am,USD,Average Hourly Earnings m/m,High Impact Expected
2023-11-03,8:30am,USD,Non-Farm Employment Change,High Impact Expected
2023-11-03,8:30am,USD,Unemployment Rate,High Impact Expected
2023-11-07,4:00pm,USD,Treasury Currency Report,High Impact Expected
2023-11-08,9:15am,USD,FOMC Member Powell Speaks,High Impact Expected
2023-11-09,2:00pm,USD,FOMC Member Powell Speaks,High Impact Expected
2023-11-09,8:30am,USD,Unemployment Claims,High Impact Expected
2023-11-10,10:00am,USD,Prelim UoM Consumer Sentiment,High Impact Expected
2023-11-14,8:30am,USD,CPI m/m,High Impact Expected
2023-11-14,8:30am,USD,CPI y/y,High Impact Expected
2023-11-14,8:30am,USD,Core CPI m/m,High Impact Expected
2023-11-14,8:30am,USD,Core CPI y/y,High Impact Expected
2023-11-15,8:30am,USD,Core PPI m/m,High Impact Expected
2023-11-15,8:30am,USD,Core Retail Sales m/m,High Impact Expected
2023-11-15,8:30am,USD,Empire State Manufacturing Index,High Impact Expected
2023-11-15,8:30am,USD,PPI m/m,High Impact Expected
2023-11-15,8:30am,USD,Retail Sales m/m,High Impact Expected
2023-11-16,8:30am,USD,Unemployment Claims,High Impact Expected
2023-11-21,2:00pm,USD,FOMC Meeting Minutes,High Impact Expected
2023-11-22,10:00am,USD,Revised UoM Consumer Sentiment,High Impact Expected
2023-11-22,8:30am,USD,Unemployment Claims,High Impact Expected
2023-11-24,9:45am,USD,Flash Manufacturing PMI,High Impact Expected
2023-11-24,9:45am,USD,Flash Services PMI,High Impact Expected
2023-11-28,10:00am,USD,CB Consumer Confidence,High Impact Expected
2023-11-29,8:30am,USD,Prelim GDP q/q,High Impact Expected
2023-11-30,8:30am,USD,Core PCE Price Index m/m,High Impact Expected
2023-11-30,8:30am,USD,Unemployment Claims,High Impact Expected
2023-12-01,10:00am,USD,ISM Manufacturing PMI,High Impact Expected
2023-12-01,11:00am,USD,FOMC Member Powell Speaks,High Impact Expected
2023-12-01,2:00pm,USD,FOMC Member Powell Speaks,High Impact Expected
2023-12-05,10:00am,USD,ISM Services PMI,High Impact Expected
2023-12-05,10:00am,USD,JOLTS Job Openings,High Impact Expected
2023-12-06,8:15am,USD,ADP Non-Farm Employment Change,High Impact Expected
2023-12-07,8:30am,USD,Unemployment Claims,High Impact Expected
2023-12-08,10:00am,USD,Prelim UoM Consumer Sentiment,High Impact Expected
2023-12-08,8:30am,USD,Average Hourly Earnings m/m,High Impact Expected
2023-12-08,8:30am,USD,Non-Farm Employment Change,High Impact Expected
2023-12-08,8:30am,USD,Unemployment Rate,High Impact Expected
2023-12-12,8:30am,USD,CPI m/m,High Impact Expected
2023-12-12,8:30am,USD,CPI y/y,High Impact Expected
2023-12-12,8:30am,USD,Core CPI m/m,High Impact Expected
2023-12-12,8:30am,USD,Core CPI y/y,High Impact Expected
2023-12-13,2:00pm,USD,FOMC Economic Projections,High Impact Expected
2023-12-13,2:00pm,USD,FOMC Statement,High Impact Expected
2023-12-13,2:00pm,USD,Federal Funds Rate,High Impact Expected
2023-12-13,2:30pm,USD,FOMC Press Conference,High Impact Expected
2023-12-13,8:30am,USD,Core PPI m/m,High Impact Expected
2023-12-13,8:30am,USD,PPI m/m,High Impact Expected
2023-12-14,8:30am,USD,Core Retail Sales m/m,High Impact Expected
2023-12-14,8:30am,USD,Retail Sales m/m,High Impact Expected
2023-12-14,8:30am,USD,Unemployment Claims,High Impact Expected
2023-12-15,8:30am,USD,Empire State Manufacturing Index,High Impact Expected
2023-12-15,9:45am,USD,Flash Manufacturing PMI,High Impact Expected
2023-12-15,9:45am,USD,Flash Services PMI,High Impact Expected
2023-12-20,10:00am,USD,CB Consumer Confidence,High Impact Expected
2023-12-21,8:30am,USD,Final GDP q/q,High Impact Expected
2023-12-21,8:30am,USD,Unemployment Claims,High Impact Expected
2023-12-22,10:00am,USD,Revised UoM Consumer Sentiment,High Impact Expected
2023-12-22,8:30am,USD,Core PCE Price Index m/m,High Impact Expected
2024-01-03,10:00am,USD,ISM Manufacturing PMI,High Impact Expected
2024-01-03,10:00am,USD,JOLTS Job Openings,High Impact Expected
2024-01-03,2:00pm,USD,FOMC Meeting Minutes,High Impact Expected
2024-01-04,8:15am,USD,ADP Non-Farm Employment Change,High Impact Expected
2024-01-04,8:30am,USD,Unemployment Claims,High Impact Expected
2024-01-05,10:00am,USD,ISM Services PMI,High Impact Expected
2024-01-05,8:30am,USD,Average Hourly Earnings m/m,High Impact Expected
2024-01-05,8:30am,USD,Non-Farm Employment Change,High Impact Expected
2024-01-05,8:30am,USD,Unemployment Rate,High Impact Expected
2024-01-11,8:30am,USD,CPI m/m,High Impact Expected
2024-01-11,8:30am,USD,CPI y/y,High Impact Expected
2024-01-11,8:30am,USD,Core CPI m/m,High Impact Expected
2024-01-11,8:30am,USD,Core CPI y/y,High Impact Expected
2024-01-11,8:30am,USD,Unemployment Claims,High Impact Expected
2024-01-12,8:30am,USD,Core PPI m/m,High Impact Expected
2024-01-12,8:30am,USD,PPI m/m,High Impact Expected
2024-01-16,8:30am,USD,Empire State Manufacturing Index,High Impact Expected
2024-01-17,8:30am,USD,Core Retail Sales m/m,High Impact Expected
2024-01-17,8:30am,USD,Retail Sales m/m,High Impact Expected
2024-01-18,8:30am,USD,Unemployment Claims,High Impact Expected
2024-01-19,10:00am,USD,Prelim UoM Consumer Sentiment,High Impact Expected
2024-01-24,9:45am,USD,Flash Manufacturing PMI,High Impact Expected
2024-01-24,9:45am,USD,Flash Services PMI,High Impact Expected
2024-01-25,8:30am,USD,Advance GDP q/q,High Impact Expected
2024-01-25,8:30am,USD,Unemployment Claims,High Impact Expected
2024-01-26,8:30am,USD,Core PCE Price Index m/m,High Impact Expected
2024-01-30,10:00am,USD,CB Consumer Confidence,High Impact Expected
2024-01-30,10:00am,USD,JOLTS Job Openings,High Impact Expected
2024-01-31,2:00pm,USD,FOMC Statement,High Impact Expected
2024-01-31,2:00pm,USD,Federal Funds Rate,High Impact Expected
2024-01-31,2:30pm,USD,FOMC Press Conference,High Impact Expected
2024-01-31,8:15am,USD,ADP Non-Farm Employment Change,High Impact Expected
2024-01-31,8:30am,USD,Employment Cost Index q/q,High Impact Expected
2024-02-01,10:00am,USD,ISM Manufacturing PMI,High Impact Expected
2024-02-01,8:30am,USD,Unemployment Claims,High Impact Expected
2024-02-02,10:00am,USD,Revised UoM Consumer Sentiment,High Impact Expected
2024-02-02,8:30am,USD,Average Hourly Earnings m/m,High Impact Expected
2024-02-02,8:30am,USD,Non-Farm Employment Change,High Impact Expected
2024-02-02,8:30am,USD,Unemployment Rate,High Impact Expected
2024-02-04,7:00pm,USD,FOMC Member Powell Speaks,High Impact Expected
2024-02-05,10:00am,USD,ISM Services PMI,High Impact Expected
2024-02-08,8:30am,USD,Unemployment Claims,High Impact Expected
2024-02-13,8:30am,USD,CPI m/m,High Impact Expected
2024-02-13,8:30am,USD,CPI y/y,High Impact Expected
2024-02-13,8:30am,USD,Core CPI m/m,High Impact Expected
2024-02-13,8:30am,USD,Core CPI y/y,High Impact Expected
2024-02-15,8:30am,USD,Core Retail Sales m/m,High Impact Expected
2024-02-15,8:30am,USD,Empire State Manufacturing Index,High Impact Expected
2024-02-15,8:30am,USD,Retail Sales m/m,High Impact Expected
2024-02-15,8:30am,USD,Unemployment Claims,High Impact Expected
2024-02-16,10:00am,USD,Prelim UoM Consumer Sentiment,High Impact Expected
2024-02-16,8:30am,USD,Core PPI m/m,High Impact Expected
2024-02-16,8:30am,USD,PPI m/m,High Impact Expected
2024-02-21,2:00pm,USD,FOMC Meeting Minutes,High Impact Expected
2024-02-22,8:30am,USD,Unemployment Claims,High Impact Expected
2024-02-22,9:45am,USD,Flash Manufacturing PMI,High Impact Expected
2024-02-22,9:45am,USD,Flash Services PMI,High Impact Expected
2024-02-27,10:00am,USD,CB Consumer Confidence,High Impact Expected
2024-02-27,8:30am,USD,Durable Goods Orders m/m,High Impact Expected
2024-02-28,8:30am,USD,Prelim GDP q/q,High Impact Expected
2024-02-29,8:30am,USD,Core PCE Price Index m/m,High Impact Expected
2024-02-29,8:30am,USD,Unemployment Claims,High Impact Expected
2024-03-01,10:00am,USD,ISM Manufacturing PMI,High Impact Expected
2024-03-01,10:00am,USD,Revised UoM Consumer Sentiment,High Impact Expected
2024-03-05,10:00am,USD,ISM Services PMI,High Impact Expected
2024-03-06,10:00am,USD,Fed Chairman Powell Testifies,High Impact Expected
2024-03-06,10:00am,USD,JOLTS Job Openings,High Impact Expected
2024-03-06,8:15am,USD,ADP Non-Farm Employment Change,High Impact Expected
2024-03-07,10:00am,USD,Fed Chairman Powell Testifies,High Impact Expected
2024-03-07,8:30am,USD,Unemployment Claims,High Impact Expected
2024-03-08,8:30am,USD,Average Hourly Earnings m/m,High Impact Expected
2024-03-08,8:30am,USD,Non-Farm Employment Change,High Impact Expected
2024-03-08,8:30am,USD,Unemployment Rate,High Impact Expected
2024-03-12,1:01pm,USD,10-y Bond Auction,High Impact Expected
2024-03-12,8:30am,USD,CPI m/m,High Impact Expected
2024-03-12,8:30am,USD,CPI y/y,High Impact Expected
2024-03-12,8:30am,USD,Core CPI m/m,High Impact Expected
2024-03-12,8:30am,USD,Core CPI y/y,High Impact Expected
2024-03-13,1:01pm,USD,30-y Bond Auction,High Impact Expected
2024-03-14,8:30am,USD,Core PPI m/m,High Impact Expected
2024-03-14,8:30am,USD,Core Retail Sales m/m,High Impact Expected
2024-03-14,8:30am,USD,PPI m/m,High Impact Expected
2024-03-14,8:30am,USD,Retail Sales m/m,High Impact Expected
2024-03-14,8:30am,USD,Unemployment Claims,High Impact Expected
2024-03-15,10:00am,USD,Prelim UoM Consumer Sentiment,High Impact Expected
2024-03-15,8:30am,USD,Empire State Manufacturing Index,High Impact Expected
2024-03-20,2:00pm,USD,FOMC Economic Projections,High Impact Expected
2024-03-20,2:00pm,USD,FOMC Statement,High Impact Expected
2024-03-20,2:00pm,USD,Federal Funds Rate,High Impact Expected
2024-03-20,2:30pm,USD,FOMC Press Conference,High Impact Expected
2024-03-21,8:30am,USD,Unemployment Claims,High Impact Expected
2024-03-21,9:45am,USD,Flash Manufacturing PMI,High Impact Expected
2024-03-21,9:45am,USD,Flash Services PMI,High Impact Expected
2024-03-22,9:00am,USD,FOMC Member Powell Speaks,High Impact Expected
2024-03-26,10:00am,USD,CB Consumer Confidence,High Impact Expected
2024-03-27,6:00pm,USD,FOMC Member Waller Speaks,High Impact Expected
2024-03-28,10:00am,USD,Pending Home Sales m/m,High Impact Expected
2024-03-28,10:00am,USD,Revised UoM Consumer Sentiment,High Impact Expected
2024-03-28,8:30am,USD,Final GDP q/q,High Impact Expected
2024-03-28,8:30am,USD,Unemployment Claims,High Impact Expected
2024-03-29,11:30am,USD,FOMC Member Powell Speaks,High Impact Expected
2024-03-29,8:30am,USD,Core PCE Price Index m/m,High Impact Expected
2024-04-01,10:00am,USD,ISM Manufacturing PMI,High Impact Expected
2024-04-02,10:00am,USD,JOLTS Job Openings,High Impact Expected
2024-04-03,10:00am,USD,ISM Services PMI,High Impact Expected
2024-04-03,12:10pm,USD,FOMC Member Powell Speaks,High Impact Expected
2024-04-03,8:15am,USD,ADP Non-Farm Employment Change,High Impact Expected
2024-04-04,8:30am,USD,Unemployment Claims,High Impact Expected
2024-04-05,8:30am,USD,Average Hourly Earnings m/m,High Impact Expected
2024-04-05,8:30am,USD,Non-Farm Employment Change,High Impact Expected
2024-04-05,8:30am,USD,Unemployment Rate,High Impact Expected
2024-04-10,2:00pm,USD,FOMC Meeting Minutes,High Impact Expected
2024-04-10,8:30am,USD,CPI m/m,High Impact Expected
2024-04-10,8:30am,USD,CPI y/y,High Impact Expected
2024-04-10,8:30am,USD,Core CPI m/m,High Impact Expected
2024-04-10,8:30am,USD,Core CPI y/y,High Impact Expected
2024-04-11,1:01pm,USD,30-y Bond Auction,High Impact Expected
2024-04-11,8:30am,USD,Core PPI m/m,High Impact Expected
2024-04-11,8:30am,USD,PPI m/m,High Impact Expected
2024-04-11,8:30am,USD,Unemployment Claims,High Impact Expected
2024-04-12,10:00am,USD,Prelim UoM Consumer Sentiment,High Impact Expected
2024-04-15,8:30am,USD,Core Retail Sales m/m,High Impact Expected
2024-04-15,8:30am,USD,Empire State Manufacturing Index,High Impact Expected
2024-04-15,8:30am,USD,Retail Sales m/m,High Impact Expected
2024-04-16,1:15pm,USD,FOMC Member Powell Speaks,High Impact Expected
2024-04-18,8:30am,USD,Unemployment Claims,High Impact Expected
2024-04-23,9:45am,USD,Flash Manufacturing PMI,High Impact Expected
2024-04-23,9:45am,USD,Flash Services PMI,High Impact Expected
2024-04-25,10:00am,USD,Pending Home Sales m/m,High Impact Expected
2024-04-25,8:30am,USD,Advance GDP q/q,High Impact Expected
2024-04-25,8:30am,USD,Unemployment Claims,High Impact Expected
2024-04-26,10:00am,USD,Revised UoM Consumer Sentiment,High Impact Expected
2024-04-26,8:30am,USD,Core PCE Price Index m/m,High Impact Expected
2024-04-30,10:00am,USD,CB Consumer Confidence,High Impact Expected
2024-04-30,8:30am,USD,Employment Cost Index q/q,High Impact Expected
2024-05-01,10:00am,USD,ISM Manufacturing PMI,High Impact Expected
2024-05-01,10:00am,USD,JOLTS Job Openings,High Impact Expected
2024-05-01,2:00pm,USD,FOMC Statement,High Impact Expected
2024-05-01,2:00pm,USD,Federal Funds Rate,High Impact Expected
2024-05-01,2:30pm,USD,FOMC Press Conference,High Impact Expected
2024-05-01,8:15am,USD,ADP Non-Farm Employment Change,High Impact Expected
2024-05-01,9:45am,USD,Final Manufacturing PMI,High Impact Expected
2024-05-02,8:30am,USD,Unemployment Claims,High Impact Expected
2024-05-03,10:00am,USD,ISM Services PMI,High Impact Expected
2024-05-03,8:30am,USD,Average Hourly Earnings m/m,High Impact Expected
2024-05-03,8:30am,USD,Non-Farm Employment Change,High Impact Expected
2024-05-03,8:30am,USD,Unemployment Rate,High Impact Expected
2024-05-09,1:01pm,USD,30-y Bond Auction,High Impact Expected
2024-05-09,8:30am,USD,Unemployment Claims,High Impact Expected
2024-05-10,10:00am,USD,Prelim UoM Consumer Sentiment,High Impact Expected
2024-05-14,10:00am,USD,FOMC Member Powell Speaks,High Impact Expected
2024-05-14,8:30am,USD,Core PPI m/m,High Impact Expected
2024-05-14,8:30am,USD,PPI m/m,High Impact Expected
2024-05-15,8:30am,USD,CPI m/m,High Impact Expected
2024-05-15,8:30am,USD,CPI y/y,High Impact Expected
2024-05-15,8:30am,USD,Core CPI m/m,High Impact Expected
2024-05-15,8:30am,USD,Core CPI y/y,High Impact Expected
2024-05-15,8:30am,USD,Core Retail Sales m/m,High Impact Expected
2024-05-15,8:30am,USD,Empire State Manufacturing Index,High Impact Expected
2024-05-15,8:30am,USD,Retail Sales m/m,High Impact Expected
2024-05-16,8:30am,USD,Unemployment Claims,High Impact Expected
2024-05-22,2:00pm,USD,FOMC Meeting Minutes,High Impact Expected
2024-05-23,8:30am,USD,Unemployment Claims,High Impact Expected
2024-05-23,9:45am,USD,Flash Manufacturing PMI,High Impact Expected
2024-05-23,9:45am,USD,Flash Services PMI,High Impact Expected
2024-05-24,10:00am,USD,Revised UoM Consumer Sentiment,High Impact Expected
2024-05-28,10:00am,USD,CB Consumer Confidence,High Impact Expected
2024-05-30,10:00am,USD,Pending Home Sales m/m,High Impact Expected
2024-05-30,8:30am,USD,Prelim GDP q/q,High Impact Expected
2024-05-30,8:30am,USD,Unemployment Claims,High Impact Expected
2024-05-31,8:30am,USD,Core PCE Price Index m/m,High Impact Expected
2024-06-03,10:00am,USD,ISM Manufacturing PMI,High Impact Expected
2024-06-03,9:45am,USD,Final Manufacturing PMI,High Impact Expected
2024-06-04,10:00am,USD,JOLTS Job Openings,High Impact Expected
2024-06-05,10:00am,USD,ISM Services PMI,High Impact Expected
2024-06-05,8:15am,USD,ADP Non-Farm Employment Change,High Impact Expected
2024-06-06,8:30am,USD,Unemployment Claims,High Impact Expected
2024-06-07,8:30am,USD,Average Hourly Earnings m/m,High Impact Expected
2024-06-07,8:30am,USD,Non-Farm Employment Change,High Impact Expected
2024-06-07,8:30am,USD,Unemployment Rate,High Impact Expected
2024-06-12,2:00pm,USD,FOMC Economic Projections,High Impact Expected
2024-06-12,2:00pm,USD,FOMC Statement,High Impact Expected
2024-06-12,2:00pm,USD,Federal Funds Rate,High Impact Expected
2024-06-12,2:30pm,USD,FOMC Press Conference,High Impact Expected
2024-06-12,8:30am,USD,CPI m/m,High Impact Expected
2024-06-12,8:30am,USD,CPI y/y,High Impact Expected
2024-06-12,8:30am,USD,Core CPI m/m,High Impact Expected
2024-06-12,8:30am,USD,Core CPI y/y,High Impact Expected
2024-06-13,8:30am,USD,Core PPI m/m,High Impact Expected
2024-06-13,8:30am,USD,PPI m/m,High Impact Expected
2024-06-13,8:30am,USD,Unemployment Claims,High Impact Expected
2024-06-14,10:00am,USD,Prelim UoM Consumer Sentiment,High Impact Expected
2024-06-17,8:30am,USD,Empire State Manufacturing Index,High Impact Expected
2024-06-18,8:30am,USD,Core Retail Sales m/m,High Impact Expected
2024-06-18,8:30am,USD,Retail Sales m/m,High Impact Expected
2024-06-20,4:00pm,USD,Treasury Currency Report,High Impact Expected
2024-06-20,8:30am,USD,Unemployment Claims,High Impact Expected
2024-06-21,9:45am,USD,Flash Manufacturing PMI,High Impact Expected
2024-06-21,9:45am,USD,Flash Services PMI,High Impact Expected
2024-06-25,10:00am,USD,CB Consumer Confidence,High Impact Expected
2024-06-26,10:00am,USD,New Home Sales,High Impact Expected
2024-06-27,10:00am,USD,Pending Home Sales m/m,High Impact Expected
2024-06-27,8:30am,USD,Final GDP q/q,High Impact Expected
2024-06-27,8:30am,USD,Unemployment Claims,High Impact Expected
2024-06-28,8:30am,USD,Core PCE Price Index m/m,High Impact Expected
2024-07-01,10:00am,USD,ISM Manufacturing PMI,High Impact Expected
2024-07-02,10:00am,USD,JOLTS Job Openings,High Impact Expected
2024-07-02,9:30am,USD,FOMC Member Powell Speaks,High Impact Expected
2024-07-03,10:00am,USD,ISM Services PMI,High Impact Expected
2024-07-03,2:00pm,USD,FOMC Meeting Minutes,High Impact Expected
2024-07-03,8:15am,USD,ADP Non-Farm Employment Change,High Impact Expected
2024-07-03,8:30am,USD,Unemployment Claims,High Impact Expected
2024-07-05,8:30am,USD,Average Hourly Earnings m/m,High Impact Expected
2024-07-05,8:30am,USD,Non-Farm Employment Change,High Impact Expected
2024-07-05,8:30am,USD,Unemployment Rate,High Impact Expected
2024-07-09,10:00am,USD,Fed Chairman Powell Testifies,High Impact Expected
2024-07-10,10:00am,USD,Fed Chairman Powell Testifies,High Impact Expected
2024-07-11,8:30am,USD,CPI m/m,High Impact Expected
2024-07-11,8:30am,USD,CPI y/y,High Impact Expected
2024-07-11,8:30am,USD,Core CPI m/m,High Impact Expected
2024-07-11,8:30am,USD,Core CPI y/y,High Impact Expected
2024-07-11,8:30am,USD,Unemployment Claims,High Impact Expected
2024-07-12,10:00am,USD,Prelim UoM Consumer Sentiment,High Impact Expected
2024-07-12,8:30am,USD,Core PPI m/m,High Impact Expected
2024-07-12,8:30am,USD,PPI m/m,High Impact Expected
2024-07-15,12:30pm,USD,FOMC Member Powell Speaks,High Impact Expected
2024-07-15,8:30am,USD,Empire State Manufacturing Index,High Impact Expected
2024-07-16,8:30am,USD,Core Retail Sales m/m,High Impact Expected
2024-07-16,8:30am,USD,Retail Sales m/m,High Impact Expected
2024-07-18,8:30am,USD,Unemployment Claims,High Impact Expected
2024-07-24,9:45am,USD,Flash Manufacturing PMI,High Impact Expected
2024-07-24,9:45am,USD,Flash Services PMI,High Impact Expected
2024-07-25,8:30am,USD,Advance GDP q/q,High Impact Expected
2024-07-25,8:30am,USD,Unemployment Claims,High Impact Expected
2024-07-26,8:30am,USD,Core PCE Price Index m/m,High Impact Expected
2024-07-30,10:00am,USD,CB Consumer Confidence,High Impact Expected
2024-07-30,10:00am,USD,JOLTS Job Openings,High Impact Expected
2024-07-31,10:00am,USD,Pending Home Sales m/m,High Impact Expected
2024-07-31,2:00pm,USD,FOMC Statement,High Impact Expected
2024-07-31,2:00pm,USD,Federal Funds Rate,High Impact Expected
2024-07-31,2:30pm,USD,FOMC Press Conference,High Impact Expected
2024-07-31,8:15am,USD,ADP Non-Farm Employment Change,High Impact Expected
2024-07-31,8:30am,USD,Employment Cost Index q/q,High Impact Expected
2024-08-01,10:00am,USD,ISM Manufacturing PMI,High Impact Expected
2024-08-01,8:30am,USD,Unemployment Claims,High Impact Expected
2024-08-02,8:30am,USD,Average Hourly Earnings m/m,High Impact Expected
2024-08-02,8:30am,USD,Non-Farm Employment Change,High Impact Expected
2024-08-02,8:30am,USD,Unemployment Rate,High Impact Expected
2024-08-05,10:00am,USD,ISM Services PMI,High Impact Expected
2024-08-08,8:30am,USD,Unemployment Claims,High Impact Expected
2024-08-13,8:30am,USD,Core PPI m/m,High Impact Expected
2024-08-13,8:30am,USD,PPI m/m,High Impact Expected
2024-08-14,8:30am,USD,CPI m/m,High Impact Expected
2024-08-14,8:30am,USD,CPI y/y,High Impact Expected
2024-08-14,8:30am,USD,Core CPI m/m,High Impact Expected
2024-08-14,8:30am,USD,Core CPI y/y,High Impact Expected
2024-08-15,8:30am,USD,Core Retail Sales m/m,High Impact Expected
2024-08-15,8:30am,USD,Retail Sales m/m,High Impact Expected
2024-08-15,8:30am,USD,Unemployment Claims,High Impact Expected
2024-08-21,10:00am,USD,Prelim Benchmark Payrolls Revision,High Impact Expected
2024-08-21,2:00pm,USD,FOMC Meeting Minutes,High Impact Expected
2024-08-22,8:30am,USD,Unemployment Claims,High Impact Expected
2024-08-22,9:45am,USD,Flash Manufacturing PMI,High Impact Expected
2024-08-22,9:45am,USD,Flash Services PMI,High Impact Expected
2024-08-23,10:00am,USD,FOMC Member Powell Speaks,High Impact Expected
2024-08-27,10:00am,USD,CB Consumer Confidence,High Impact Expected
2024-08-29,8:30am,USD,Prelim GDP q/q,High Impact Expected
2024-08-29,8:30am,USD,Unemployment Claims,High Impact Expected
2024-08-30,8:30am,USD,Core PCE Price Index m/m,High Impact Expected
2024-09-03,10:00am,USD,ISM Manufacturing PMI,High Impact Expected
2024-09-04,10:00am,USD,JOLTS Job Openings,High Impact Expected
2024-09-05,10:00am,USD,ISM Services PMI,High Impact Expected
2024-09-05,8:15am,USD,ADP Non-Farm Employment Change,High Impact Expected
2024-09-05,8:30am,USD,Unemployment Claims,High Impact Expected
2024-09-06,11:00am,USD,FOMC Member Waller Speaks,High Impact Expected
2024-09-06,8:30am,USD,Average Hourly Earnings m/m,High Impact Expected
2024-09-06,8:30am,USD,Non-Farm Employment Change,High Impact Expected
2024-09-06,8:30am,USD,Unemployment Rate,High Impact Expected
2024-09-11,8:30am,USD,CPI m/m,High Impact Expected
2024-09-11,8:30am,USD,CPI y/y,High Impact Expected
2024-09-11,8:30am,USD,Core CPI m/m,High Impact Expected
2024-09-11,8:30am,USD,Core CPI y/y,High Impact Expected
2024-09-12,8:30am,USD,Core PPI m/m,High Impact Expected
2024-09-12,8:30am,USD,PPI m/m,High Impact Expected
2024-09-12,8:30am,USD,Unemployment Claims,High Impact Expected
2024-09-17,8:30am,USD,Core Retail Sales m/m,High Impact Expected
2024-09-17,8:30am,USD,Retail Sales m/m,High Impact Expected
2024-09-18,2:00pm,USD,FOMC Economic Projections,High Impact Expected
2024-09-18,2:00pm,USD,FOMC Statement,High Impact Expected
2024-09-18,2:00pm,USD,Federal Funds Rate,High Impact Expected
2024-09-18,2:30pm,USD,FOMC Press Conference,High Impact Expected
2024-09-19,8:30am,USD,Unemployment Claims,High Impact Expected
2024-09-23,9:45am,USD,Flash Manufacturing PMI,High Impact Expected
2024-09-23,9:45am,USD,Flash Services PMI,High Impact Expected
2024-09-24,10:00am,USD,CB Consumer Confidence,High Impact Expected
2024-09-26,8:30am,USD,Final GDP q/q,High Impact Expected
2024-09-26,8:30am,USD,Unemployment Claims,High Impact Expected
2024-09-26,9:20am,USD,FOMC Member Powell Speaks,High Impact Expected
2024-09-27,8:30am,USD,Core PCE Price Index m/m,High Impact Expected
2024-09-30,1:55pm,USD,FOMC Member Powell Speaks,High Impact Expected
2024-10-01,10:00am,USD,ISM Manufacturing PMI,High Impact Expected
2024-10-01,10:00am,USD,JOLTS Job Openings,High Impact Expected
2024-10-02,8:15am,USD,ADP Non-Farm Employment Change,High Impact Expected
2024-10-03,10:00am,USD,ISM Services PMI,High Impact Expected
2024-10-03,8:30am,USD,Unemployment Claims,High Impact Expected
2024-10-04,8:30am,USD,Average Hourly Earnings m/m,High Impact Expected
2024-10-04,8:30am,USD,Non-Farm Employment Change,High Impact Expected
2024-10-04,8:30am,USD,Unemployment Rate,High Impact Expected
2024-10-09,2:00pm,USD,FOMC Meeting Minutes,High Impact Expected
2024-10-10,8:30am,USD,CPI m/m,High Impact Expected
2024-10-10,8:30am,USD,CPI y/y,High Impact Expected
2024-10-10,8:30am,USD,Core CPI m/m,High Impact Expected
2024-10-10,8:30am,USD,Core CPI y/y,High Impact Expected
2024-10-10,8:30am,USD,Unemployment Claims,High Impact Expected
2024-10-11,8:30am,USD,Core PPI m/m,High Impact Expected
2024-10-11,8:30am,USD,PPI m/m,High Impact Expected
2024-10-17,8:30am,USD,Core Retail Sales m/m,High Impact Expected
2024-10-17,8:30am,USD,Retail Sales m/m,High Impact Expected
2024-10-17,8:30am,USD,Unemployment Claims,High Impact Expected
2024-10-24,8:30am,USD,Unemployment Claims,High Impact Expected
2024-10-24,9:45am,USD,Flash Manufacturing PMI,High Impact Expected
2024-10-24,9:45am,USD,Flash Services PMI,High Impact Expected
2024-10-29,10:00am,USD,CB Consumer Confidence,High Impact Expected
2024-10-29,10:00am,USD,JOLTS Job Openings,High Impact Expected
2024-10-30,8:15am,USD,ADP Non-Farm Employment Change,High Impact Expected
2024-10-30,8:30am,USD,Advance GDP q/q,High Impact Expected
2024-10-31,8:30am,USD,Core PCE Price Index m/m,High Impact Expected
2024-10-31,8:30am,USD,Employment Cost Index q/q,High Impact Expected
2024-10-31,8:30am,USD,Unemployment Claims,High Impact Expected
2024-11-01,10:00am,USD,ISM Manufacturing PMI,High Impact Expected
2024-11-01,8:30am,USD,Average Hourly Earnings m/m,High Impact Expected
2024-11-01,8:30am,USD,Non-Farm Employment Change,High Impact Expected
2024-11-01,8:30am,USD,Unemployment Rate,High Impact Expected
2024-11-05,10:00am,USD,ISM Services PMI,High Impact Expected
2024-11-05,10:15am,USD,Presidential Election,High Impact Expected
2024-11-05,10:16am,USD,Congressional Elections,High Impact Expected
2024-11-07,2:00pm,USD,FOMC Statement,High Impact Expected
2024-11-07,2:00pm,USD,Federal Funds Rate,High Impact Expected
2024-11-07,2:30pm,USD,FOMC Press Conference,High Impact Expected
2024-11-07,8:30am,USD,Unemployment Claims,High Impact Expected
2024-11-13,8:30am,USD,CPI m/m,High Impact Expected
2024-11-13,8:30am,USD,CPI y/y,High Impact Expected
2024-11-13,8:30am,USD,Core CPI m/m,High Impact Expected
2024-11-13,8:30am,USD,Core CPI y/y,High Impact Expected
2024-11-14,3:00pm,USD,FOMC Member Powell Speaks,High Impact Expected
2024-11-14,8:30am,USD,Core PPI m/m,High Impact Expected
2024-11-14,8:30am,USD,PPI m/m,High Impact Expected
2024-11-14,8:30am,USD,Unemployment Claims,High Impact Expected
2024-11-15,8:30am,USD,Core Retail Sales m/m,High Impact Expected
2024-11-15,8:30am,USD,Retail Sales m/m,High Impact Expected
2024-11-21,8:30am,USD,Unemployment Claims,High Impact Expected
2024-11-22,9:45am,USD,Flash Manufacturing PMI,High Impact Expected
2024-11-22,9:45am,USD,Flash Services PMI,High Impact Expected
2024-11-26,10:00am,USD,CB Consumer Confidence,High Impact Expected
2024-11-26,2:00pm,USD,FOMC Meeting Minutes,High Impact Expected
2024-11-27,10:00am,USD,Core PCE Price Index m/m,High Impact Expected
2024-11-27,8:30am,USD,Prelim GDP q/q,High Impact Expected
2024-11-27,8:30am,USD,Unemployment Claims,High Impact Expected
2024-12-02,10:00am,USD,ISM Manufacturing PMI,High Impact Expected
2024-12-03,10:00am,USD,JOLTS Job Openings,High Impact Expected
2024-12-04,10:00am,USD,ISM Services PMI,High Impact Expected
2024-12-04,1:45pm,USD,FOMC Member Powell Speaks,High Impact Expected
2024-12-04,8:15am,USD,ADP Non-Farm Employment Change,High Impact Expected
2024-12-05,8:30am,USD,Unemployment Claims,High Impact Expected
2024-12-06,8:30am,USD,Average Hourly Earnings m/m,High Impact Expected
2024-12-06,8:30am,USD,Non-Farm Employment Change,High Impact Expected
2024-12-06,8:30am,USD,Unemployment Rate,High Impact Expected
2024-12-11,8:30am,USD,CPI m/m,High Impact Expected
2024-12-11,8:30am,USD,CPI y/y,High Impact Expected
2024-12-11,8:30am,USD,Core CPI m/m,High Impact Expected
2024-12-11,8:30am,USD,Core CPI y/y,High Impact Expected
2024-12-12,8:30am,USD,Core PPI m/m,High Impact Expected
2024-12-12,8:30am,USD,PPI m/m,High Impact Expected
2024-12-12,8:30am,USD,Unemployment Claims,High Impact Expected
2024-12-16,9:45am,USD,Flash Manufacturing PMI,High Impact Expected
2024-12-16,9:45am,USD,Flash Services PMI,High Impact Expected
2024-12-17,8:30am,USD,Core Retail Sales m/m,High Impact Expected
2024-12-17,8:30am,USD,Retail Sales m/m,High Impact Expected
2024-12-18,2:00pm,USD,FOMC Economic Projections,High Impact Expected
2024-12-18,2:00pm,USD,FOMC Statement,High Impact Expected
2024-12-18,2:00pm,USD,Federal Funds Rate,High Impact Expected
2024-12-18,2:30pm,USD,FOMC Press Conference,High Impact Expected
2024-12-19,8:30am,USD,Final GDP q/q,High Impact Expected
2024-12-19,8:30am,USD,Unemployment Claims,High Impact Expected
2024-12-20,8:30am,USD,Core PCE Price Index m/m,High Impact Expected
2024-12-26,8:30am,USD,Unemployment Claims,High Impact Expected
2025-01-02,8:30am,USD,Unemployment Claims,High Impact Expected
2025-01-03,10:00am,USD,ISM Manufacturing PMI,High Impact Expected
2025-01-07,10:00am,USD,ISM Services PMI,High Impact Expected
2025-01-07,10:00am,USD,JOLTS Job Openings,High Impact Expected
2025-01-08,2:00pm,USD,FOMC Meeting Minutes,High Impact Expected
2025-01-08,8:15am,USD,ADP Non-Farm Employment Change,High Impact Expected
2025-01-08,8:30am,USD,Unemployment Claims,High Impact Expected
2025-01-10,8:30am,USD,Average Hourly Earnings m/m,High Impact Expected
2025-01-10,8:30am,USD,Non-Farm Employment Change,High Impact Expected
2025-01-10,8:30am,USD,Unemployment Rate,High Impact Expected
2025-01-14,8:30am,USD,Core PPI m/m,High Impact Expected
2025-01-14,8:30am,USD,PPI m/m,High Impact Expected
2025-01-15,8:30am,USD,CPI m/m,High Impact Expected
2025-01-15,8:30am,USD,CPI y/y,High Impact Expected
2025-01-15,8:30am,USD,Core CPI m/m,High Impact Expected
2025-01-15,8:30am,USD,Core CPI y/y,High Impact Expected
2025-01-16,8:30am,USD,Core Retail Sales m/m,High Impact Expected
2025-01-16,8:30am,USD,Retail Sales m/m,High Impact Expected
2025-01-16,8:30am,USD,Unemployment Claims,High Impact Expected
2025-01-20,12:00pm,USD,President Trump Speaks,High Impact Expected
2025-01-23,11:00am,USD,President Trump Speaks,High Impact Expected
2025-01-23,8:30am,USD,Unemployment Claims,High Impact Expected
2025-01-24,9:45am,USD,Flash Manufacturing PMI,High Impact Expected
2025-01-24,9:45am,USD,Flash Services PMI,High Impact Expected
2025-01-28,10:00am,USD,CB Consumer Confidence,High Impact Expected
2025-01-29,2:00pm,USD,FOMC Statement,High Impact Expected
2025-01-29,2:00pm,USD,Federal Funds Rate,High Impact Expected
2025-01-29,2:30pm,USD,FOMC Press Conference,High Impact Expected
2025-01-30,8:30am,USD,Advance GDP q/q,High Impact Expected
2025-01-30,8:30am,USD,Unemployment Claims,High Impact Expected
2025-01-31,8:30am,USD,Core PCE Price Index m/m,High Impact Expected
2025-01-31,8:30am,USD,Employment Cost Index q/q,High Impact Expected
2025-02-03,10:00am,USD,ISM Manufacturing PMI,High Impact Expected
2025-02-04,10:00am,USD,JOLTS Job Openings,High Impact Expected
2025-02-04,5:10pm,USD,President Trump Speaks,High Impact Expected
2025-02-05,10:00am,USD,ISM Services PMI,High Impact Expected
2025-02-05,8:15am,USD,ADP Non-Farm Employment Change,High Impact Expected
2025-02-06,8:30am,USD,Unemployment Claims,High Impact Expected
2025-02-07,8:30am,USD,Average Hourly Earnings m/m,High Impact Expected
2025-02-07,8:30am,USD,Non-Farm Employment Change,High Impact Expected
2025-02-07,8:30am,USD,Unemployment Rate,High Impact Expected
2025-02-10,4:30pm,USD,President Trump Speaks,High Impact Expected
2025-02-11,10:00am,USD,Fed Chairman Powell Testifies,High Impact Expected
2025-02-11,3:40pm,USD,President Trump Speaks,High Impact Expected
2025-02-12,10:00am,USD,Fed Chairman Powell Testifies,High Impact Expected
2025-02-12,3:48pm,USD,President Trump Speaks,High Impact Expected
2025-02-12,8:30am,USD,CPI m/m,High Impact Expected
2025-02-12,8:30am,USD,CPI y/y,High Impact Expected
2025-02-12,8:30am,USD,Core CPI m/m,High Impact Expected
2025-02-12,8:30am,USD,Core CPI y/y,High Impact Expected
2025-02-13,1:36pm,USD,President Trump Speaks,High Impact Expected
2025-02-13,8:30am,USD,Core PPI m/m,High Impact Expected
2025-02-13,8:30am,USD,PPI m/m,High Impact Expected
2025-02-13,8:30am,USD,Unemployment Claims,High Impact Expected
2025-02-14,2:08pm,USD,President Trump Speaks,High Impact Expected
2025-02-14,8:30am,USD,Core Retail Sales m/m,High Impact Expected
2025-02-14,8:30am,USD,Retail Sales m/m,High Impact Expected
2025-02-18,4:13pm,USD,President Trump Speaks,High Impact Expected
2025-02-18,9:00pm,USD,President Trump Speaks,High Impact Expected
2025-02-19,2:00pm,USD,FOMC Meeting Minutes,High Impact Expected
2025-02-19,5:00pm,USD,President Trump Speaks,High Impact Expected
2025-02-20,7:20pm,USD,President Trump Speaks,High Impact Expected
2025-02-20,8:30am,USD,Unemployment Claims,High Impact Expected
2025-02-21,3:56pm,USD,President Trump Speaks,High Impact Expected
2025-02-21,9:45am,USD,Flash Manufacturing PMI,High Impact Expected
2025-02-21,9:45am,USD,Flash Services PMI,High Impact Expected
2025-02-24,2:49pm,USD,President Trump Speaks,High Impact Expected
2025-02-25,3:59pm,USD,President Trump Speaks,High Impact Expected
2025-02-27,8:30am,USD,Prelim GDP q/q,High Impact Expected
2025-02-27,8:30am,USD,Unemployment Claims,High Impact Expected
2025-02-28,12:15pm,USD,President Trump Speaks,High Impact Expected
2025-02-28,8:30am,USD,Core PCE Price Index m/m,High Impact Expected
2025-03-03,10:00am,USD,ISM Manufacturing PMI,High Impact Expected
2025-03-04,9:10pm,USD,President Trump Speaks,High Impact Expected
2025-03-05,10:00am,USD,ISM Services PMI,High Impact Expected
2025-03-05,8:15am,USD,ADP Non-Farm Employment Change,High Impact Expected
2025-03-06,8:30am,USD,Unemployment Claims,High Impact Expected
2025-03-07,12:30pm,USD,FOMC Member Powell Speaks,High Impact Expected
2025-03-07,8:30am,USD,Average Hourly Earnings m/m,High Impact Expected
2025-03-07,8:30am,USD,Non-Farm Employment Change,High Impact Expected
2025-03-07,8:30am,USD,Unemployment Rate,High Impact Expected
2025-03-11,10:00am,USD,JOLTS Job Openings,High Impact Expected
2025-03-12,8:30am,USD,CPI m/m,High Impact Expected
2025-03-12,8:30am,USD,CPI y/y,High Impact Expected
2025-03-12,8:30am,USD,Core CPI m/m,High Impact Expected
2025-03-12,8:30am,USD,Core CPI y/y,High Impact Expected
2025-03-13,8:30am,USD,Core PPI m/m,High Impact Expected
2025-03-13,8:30am,USD,PPI m/m,High Impact Expected
2025-03-13,8:30am,USD,Unemployment Claims,High Impact Expected
2025-03-14,10:00am,USD,Prelim UoM Consumer Sentiment,High Impact Expected
2025-03-14,10:00am,USD,Prelim UoM Inflation Expectations,High Impact Expected
2025-03-17,8:30am,USD,Core Retail Sales m/m,High Impact Expected
2025-03-17,8:30am,USD,Retail Sales m/m,High Impact Expected
2025-03-19,2:00pm,USD,FOMC Economic Projections,High Impact Expected
2025-03-19,2:00pm,USD,FOMC Statement,High Impact Expected
2025-03-19,2:00pm,USD,Federal Funds Rate,High Impact Expected
2025-03-19,2:30pm,USD,FOMC Press Conference,High Impact Expected
2025-03-20,8:30am,USD,Unemployment Claims,High Impact Expected
2025-03-24,9:45am,USD,Flash Manufacturing PMI,High Impact Expected
2025-03-24,9:45am,USD,Flash Services PMI,High Impact Expected
2025-03-26,4:00pm,USD,President Trump Speaks,High Impact Expected
2025-03-27,8:30am,USD,Final GDP q/q,High Impact Expected
2025-03-27,8:30am,USD,Unemployment Claims,High Impact Expected
2025-03-28,8:30am,USD,Core PCE Price Index m/m,High Impact Expected
2025-04-01,10:00am,USD,ISM Manufacturing PMI,High Impact Expected
2025-04-01,10:00am,USD,JOLTS Job Openings,High Impact Expected
2025-04-02,4:00pm,USD,President Trump Speaks,High Impact Expected
2025-04-02,8:15am,USD,ADP Non-Farm Employment Change,High Impact Expected
2025-04-03,10:00am,USD,ISM Services PMI,High Impact Expected
2025-04-03,8:30am,USD,Unemployment Claims,High Impact Expected
2025-04-04,11:25am,USD,FOMC Member Powell Speaks,High Impact Expected
2025-04-04,8:30am,USD,Average Hourly Earnings m/m,High Impact Expected
2025-04-04,8:30am,USD,Non-Farm Employment Change,High Impact Expected
2025-04-04,8:30am,USD,Unemployment Rate,High Impact Expected
2025-04-09,2:00pm,USD,FOMC Meeting Minutes,High Impact Expected
2025-04-10,8:30am,USD,CPI m/m,High Impact Expected
2025-04-10,8:30am,USD,CPI y/y,High Impact Expected
2025-04-10,8:30am,USD,Core CPI m/m,High Impact Expected
2025-04-10,8:30am,USD,Core CPI y/y,High Impact Expected
2025-04-10,8:30am,USD,Unemployment Claims,High Impact Expected
2025-04-11,10:00am,USD,Prelim UoM Consumer Sentiment,High Impact Expected
2025-04-11,10:00am,USD,Prelim UoM Inflation Expectations,High Impact Expected
2025-04-11,8:30am,USD,Core PPI m/m,High Impact Expected
2025-04-11,8:30am,USD,PPI m/m,High Impact Expected
2025-04-16,1:30pm,USD,FOMC Member Powell Speaks,High Impact Expected
2025-04-16,8:30am,USD,Core Retail Sales m/m,High Impact Expected
2025-04-16,8:30am,USD,Retail Sales m/m,High Impact Expected
2025-04-17,8:30am,USD,Unemployment Claims,High Impact Expected
2025-04-23,9:45am,USD,Flash Manufacturing PMI,High Impact Expected
2025-04-23,9:45am,USD,Flash Services PMI,High Impact Expected
2025-04-24,8:30am,USD,Unemployment Claims,High Impact Expected
2025-04-29,10:00am,USD,JOLTS Job Openings,High Impact Expected
2025-04-30,10:00am,USD,Core PCE Price Index m/m,High Impact Expected
2025-04-30,8:15am,USD,ADP Non-Farm Employment Change,High Impact Expected
2025-04-30,8:30am,USD,Advance GDP q/q,High Impact Expected
2025-04-30,8:30am,USD,Employment Cost Index q/q,High Impact Expected
2025-05-01,10:00am,USD,ISM Manufacturing PMI,High Impact Expected
2025-05-01,8:30am,USD,Unemployment Claims,High Impact Expected
2025-05-02,8:30am,USD,Average Hourly Earnings m/m,High Impact Expected
2025-05-02,8:30am,USD,Non-Farm Employment Change,High Impact Expected
2025-05-02,8:30am,USD,Unemployment Rate,High Impact Expected
2025-05-05,10:00am,USD,ISM Services PMI,High Impact Expected
2025-05-07,2:00pm,USD,FOMC Statement,High Impact Expected
2025-05-07,2:00pm,USD,Federal Funds Rate,High Impact Expected
2025-05-07,2:30pm,USD,FOMC Press Conference,High Impact Expected
2025-05-08,10:00am,USD,President Trump Speaks,High Impact Expected
2025-05-08,8:30am,USD,Unemployment Claims,High Impact Expected
2025-05-13,8:30am,USD,CPI m/m,High Impact Expected
2025-05-13,8:30am,USD,CPI y/y,High Impact Expected
2025-05-13,8:30am,USD,Core CPI m/m,High Impact Expected
2025-05-13,8:30am,USD,Core CPI y/y,High Impact Expected
2025-05-15,8:30am,USD,Core PPI m/m,High Impact Expected
2025-05-15,8:30am,USD,Core Retail Sales m/m,High Impact Expected
2025-05-15,8:30am,USD,PPI m/m,High Impact Expected
2025-05-15,8:30am,USD,Retail Sales m/m,High Impact Expected
2025-05-15,8:30am,USD,Unemployment Claims,High Impact Expected
2025-05-15,8:40am,USD,FOMC Member Powell Speaks,High Impact Expected
2025-05-16,10:00am,USD,Prelim UoM Consumer Sentiment,High Impact Expected
2025-05-16,10:00am,USD,Prelim UoM Inflation Expectations,High Impact Expected
2025-05-22,8:30am,USD,Unemployment Claims,High Impact Expected
2025-05-22,9:45am,USD,Flash Manufacturing PMI,High Impact Expected
2025-05-22,9:45am,USD,Flash Services PMI,High Impact Expected
2025-05-28,2:00pm,USD,FOMC Meeting Minutes,High Impact Expected
2025-05-29,8:30am,USD,Prelim GDP q/q,High Impact Expected
2025-05-29,8:30am,USD,Unemployment Claims,High Impact Expected
2025-05-30,8:30am,USD,Core PCE Price Index m/m,High Impact Expected
2025-06-02,10:00am,USD,ISM Manufacturing PMI,High Impact Expected
2025-06-02,1:00pm,USD,FOMC Member Powell Speaks,High Impact Expected
2025-06-03,10:00am,USD,JOLTS Job Openings,High Impact Expected
2025-06-04,10:00am,USD,ISM Services PMI,High Impact Expected
2025-06-04,8:15am,USD,ADP Non-Farm Employment Change,High Impact Expected
2025-06-05,8:30am,USD,Unemployment Claims,High Impact Expected
2025-06-06,8:30am,USD,Average Hourly Earnings m/m,High Impact Expected
2025-06-06,8:30am,USD,Non-Farm Employment Change,High Impact Expected
2025-06-06,8:30am,USD,Unemployment Rate,High Impact Expected
2025-06-11,8:30am,USD,CPI m/m,High Impact Expected
2025-06-11,8:30am,USD,CPI y/y,High Impact Expected
2025-06-11,8:30am,USD,Core CPI m/m,High Impact Expected
2025-06-11,8:30am,USD,Core CPI y/y,High Impact Expected
2025-06-12,8:30am,USD,Core PPI m/m,High Impact Expected
2025-06-12,8:30am,USD,PPI m/m,High Impact Expected
2025-06-12,8:30am,USD,Unemployment Claims,High Impact Expected
2025-06-13,10:00am,USD,Prelim UoM Consumer Sentiment,High Impact Expected
2025-06-13,10:00am,USD,Prelim UoM Inflation Expectations,High Impact Expected
2025-06-17,8:30am,USD,Core Retail Sales m/m,High Impact Expected
2025-06-17,8:30am,USD,Retail Sales m/m,High Impact Expected
2025-06-18,2:00pm,USD,FOMC Economic Projections,High Impact Expected
2025-06-18,2:00pm,USD,FOMC Statement,High Impact Expected
2025-06-18,2:00pm,USD,Federal Funds Rate,High Impact Expected
2025-06-18,2:30pm,USD,FOMC Press Conference,High Impact Expected
2025-06-18,8:30am,USD,Unemployment Claims,High Impact Expected
2025-06-21,10:00pm,USD,President Trump Speaks,High Impact Expected
2025-06-23,9:45am,USD,Flash Manufacturing PMI,High Impact Expected
2025-06-23,9:45am,USD,Flash Services PMI,High Impact Expected
2025-06-24,10:00am,USD,Fed Chairman Powell Testifies,High Impact Expected
2025-06-25,10:00am,USD,Fed Chairman Powell Testifies,High Impact Expected
2025-06-26,8:30am,USD,Final GDP q/q,High Impact Expected
2025-06-26,8:30am,USD,Unemployment Claims,High Impact Expected
2025-06-27,8:30am,USD,Core PCE Price Index m/m,High Impact Expected
2025-07-01,10:00am,USD,ISM Manufacturing PMI,High Impact Expected
2025-07-01,10:00am,USD,JOLTS Job Openings,High Impact Expected
2025-07-01,9:30am,USD,FOMC Member Powell Speaks,High Impact Expected
2025-07-02,8:15am,USD,ADP Non-Farm Employment Change,High Impact Expected
2025-07-03,10:00am,USD,ISM Services PMI,High Impact Expected
2025-07-03,8:30am,USD,Average Hourly Earnings m/m,High Impact Expected
2025-07-03,8:30am,USD,Non-Farm Employment Change,High Impact Expected
2025-07-03,8:30am,USD,Unemployment Rate,High Impact Expected
2025-07-09,2:00pm,USD,FOMC Meeting Minutes,High Impact Expected
2025-07-10,8:30am,USD,Unemployment Claims,High Impact Expected
2025-07-15,8:30am,USD,CPI m/m,High Impact Expected
2025-07-15,8:30am,USD,CPI y/y,High Impact Expected
2025-07-15,8:30am,USD,Core CPI m/m,High Impact Expected
2025-07-15,8:30am,USD,Core CPI y/y,High Impact Expected
2025-07-16,8:30am,USD,Core PPI m/m,High Impact Expected
2025-07-16,8:30am,USD,PPI m/m,High Impact Expected
2025-07-17,8:30am,USD,Core Retail Sales m/m,High Impact Expected
2025-07-17,8:30am,USD,Retail Sales m/m,High Impact Expected
2025-07-17,8:30am,USD,Unemployment Claims,High Impact Expected
2025-07-24,8:30am,USD,Unemployment Claims,High Impact Expected
2025-07-24,9:45am,USD,Flash Manufacturing PMI,High Impact Expected
2025-07-24,9:45am,USD,Flash Services PMI,High Impact Expected
2025-07-29,10:00am,USD,JOLTS Job Openings,High Impact Expected
2025-07-30,2:00pm,USD,FOMC Statement,High Impact Expected
2025-07-30,2:00pm,USD,Federal Funds Rate,High Impact Expected
2025-07-30,2:30pm,USD,FOMC Press Conference,High Impact Expected
2025-07-30,8:15am,USD,ADP Non-Farm Employment Change,High Impact Expected
2025-07-30,8:30am,USD,Advance GDP q/q,High Impact Expected
2025-07-31,8:30am,USD,Core PCE Price Index m/m,High Impact Expected
2025-07-31,8:30am,USD,Employment Cost Index q/q,High Impact Expected
2025-07-31,8:30am,USD,Unemployment Claims,High Impact Expected
2025-08-01,10:00am,USD,ISM Manufacturing PMI,High Impact Expected
2025-08-01,8:30am,USD,Average Hourly Earnings m/m,High Impact Expected
2025-08-01,8:30am,USD,Non-Farm Employment Change,High Impact Expected
2025-08-01,8:30am,USD,Unemployment Rate,High Impact Expected
2025-08-05,10:00am,USD,ISM Services PMI,High Impact Expected
2025-08-07,8:30am,USD,Unemployment Claims,High Impact Expected
2025-08-12,8:30am,USD,CPI m/m,High Impact Expected
2025-08-12,8:30am,USD,CPI y/y,High Impact Expected
2025-08-12,8:30am,USD,Core CPI m/m,High Impact Expected
2025-08-12,8:30am,USD,Core CPI y/y,High Impact Expected
2025-08-14,8:30am,USD,Core PPI m/m,High Impact Expected
2025-08-14,8:30am,USD,PPI m/m,High Impact Expected
2025-08-14,8:30am,USD,Unemployment Claims,High Impact Expected
2025-08-15,10:00am,USD,Prelim UoM Consumer Sentiment,High Impact Expected
2025-08-15,10:00am,USD,Prelim UoM Inflation Expectations,High Impact Expected
2025-08-15,6:55pm,USD,President Trump Speaks,High Impact Expected
2025-08-15,8:30am,USD,Core Retail Sales m/m,High Impact Expected
2025-08-15,8:30am,USD,Retail Sales m/m,High Impact Expected
2025-08-20,2:00pm,USD,FOMC Meeting Minutes,High Impact Expected
2025-08-21,8:30am,USD,Unemployment Claims,High Impact Expected
2025-08-21,9:45am,USD,Flash Manufacturing PMI,High Impact Expected
2025-08-21,9:45am,USD,Flash Services PMI,High Impact Expected
2025-08-22,10:00am,USD,FOMC Member Powell Speaks,High Impact Expected
2025-08-22,1:05pm,USD,President Trump Speaks,High Impact Expected
2025-08-28,8:30am,USD,Prelim GDP q/q,High Impact Expected
2025-08-28,8:30am,USD,Unemployment Claims,High Impact Expected
2025-08-29,8:30am,USD,Core PCE Price Index m/m,High Impact Expected
2025-09-02,10:00am,USD,ISM Manufacturing PMI,High Impact Expected
2025-09-03,10:00am,USD,JOLTS Job Openings,High Impact Expected
2025-09-04,10:00am,USD,Fed Gov Nomination Hearings,High Impact Expected
2025-09-04,10:00am,USD,ISM Services PMI,High Impact Expected
2025-09-04,8:15am,USD,ADP Non-Farm Employment Change,High Impact Expected
2025-09-04,8:30am,USD,Unemployment Claims,High Impact Expected
2025-09-05,8:30am,USD,Average Hourly Earnings m/m,High Impact Expected
2025-09-05,8:30am,USD,Non-Farm Employment Change,High Impact Expected
2025-09-05,8:30am,USD,Unemployment Rate,High Impact Expected
2025-09-09,10:00am,USD,Prelim Benchmark Payrolls Revision,High Impact Expected
2025-09-10,8:30am,USD,Core PPI m/m,High Impact Expected
2025-09-10,8:30am,USD,PPI m/m,High Impact Expected
2025-09-11,8:30am,USD,CPI m/m,High Impact Expected
2025-09-11,8:30am,USD,CPI y/y,High Impact Expected
2025-09-11,8:30am,USD,Core CPI m/m,High Impact Expected
2025-09-11,8:30am,USD,Core CPI y/y,High Impact Expected
2025-09-11,8:30am,USD,Unemployment Claims,High Impact Expected
2025-09-12,10:00am,USD,Prelim UoM Consumer Sentiment,High Impact Expected
2025-09-12,10:00am,USD,Prelim UoM Inflation Expectations,High Impact Expected
2025-09-16,8:30am,USD,Core Retail Sales m/m,High Impact Expected
2025-09-16,8:30am,USD,Retail Sales m/m,High Impact Expected
2025-09-17,2:00pm,USD,FOMC Economic Projections,High Impact Expected
2025-09-17,2:00pm,USD,FOMC Statement,High Impact Expected
2025-09-17,2:00pm,USD,Federal Funds Rate,High Impact Expected
2025-09-17,2:30pm,USD,FOMC Press Conference,High Impact Expected
2025-09-18,8:30am,USD,Unemployment Claims,High Impact Expected
2025-09-23,12:35pm,USD,FOMC Member Powell Speaks,High Impact Expected
2025-09-23,9:45am,USD,Flash Manufacturing PMI,High Impact Expected
2025-09-23,9:45am,USD,Flash Services PMI,High Impact Expected
2025-09-25,8:30am,USD,Final GDP q/q,High Impact Expected
2025-09-25,8:30am,USD,Unemployment Claims,High Impact Expected
2025-09-26,8:30am,USD,Core PCE Price Index m/m,High Impact Expected
2025-09-30,10:00am,USD,JOLTS Job Openings,High Impact Expected
2025-10-01,10:00am,USD,ISM Manufacturing PMI,High Impact Expected
2025-10-01,8:15am,USD,ADP Non-Farm Employment Change,High Impact Expected
2025-10-03,10:00am,USD,ISM Services PMI,High Impact Expected
2025-10-08,2:00pm,USD,FOMC Meeting Minutes,High Impact Expected
2025-10-10,10:00am,USD,Prelim UoM Consumer Sentiment,High Impact Expected
2025-10-10,10:00am,USD,Prelim UoM Inflation Expectations,High Impact Expected
2025-10-14,12:20pm,USD,FOMC Member Powell Speaks,High Impact Expected
2025-10-24,8:30am,USD,CPI m/m,High Impact Expected
2025-10-24,8:30am,USD,CPI y/y,High Impact Expected
2025-10-24,8:30am,USD,Core CPI m/m,High Impact Expected
2025-10-24,8:30am,USD,Core CPI y/y,High Impact Expected
2025-10-24,9:45am,USD,Flash Manufacturing PMI,High Impact Expected
2025-10-24,9:45am,USD,Flash Services PMI,High Impact Expected
2025-10-29,2:00pm,USD,FOMC Statement,High Impact Expected
2025-10-29,2:00pm,USD,Federal Funds Rate,High Impact Expected
2025-10-29,2:30pm,USD,FOMC Press Conference,High Impact Expected
2025-11-03,10:00am,USD,ISM Manufacturing PMI,High Impact Expected
2025-11-05,10:00am,USD,ISM Services PMI,High Impact Expected
2025-11-05,8:15am,USD,ADP Non-Farm Employment Change,High Impact Expected
2025-11-18,3:10am,USD,Unemployment Claims,High Impact Expected
2025-11-19,2:00pm,USD,FOMC Meeting Minutes,High Impact Expected
2025-11-20,8:30am,USD,Average Hourly Earnings m/m,High Impact Expected
2025-11-20,8:30am,USD,Non-Farm Employment Change,High Impact Expected
2025-11-20,8:30am,USD,Unemployment Claims,High Impact Expected
2025-11-20,8:30am,USD,Unemployment Rate,High Impact Expected
2025-11-21,9:45am,USD,Flash Manufacturing PMI,High Impact Expected
2025-11-21,9:45am,USD,Flash Services PMI,High Impact Expected
2025-11-25,8:30am,USD,Core PPI m/m,High Impact Expected
2025-11-25,8:30am,USD,Core Retail Sales m/m,High Impact Expected
2025-11-25,8:30am,USD,PPI m/m,High Impact Expected
2025-11-25,8:30am,USD,Retail Sales m/m,High Impact Expected
2025-11-26,8:30am,USD,Unemployment Claims,High Impact Expected
2025-12-01,10:00am,USD,ISM Manufacturing PMI,High Impact Expected
2025-12-03,10:00am,USD,ISM Services PMI,High Impact Expected
2025-12-03,8:15am,USD,ADP Non-Farm Employment Change,High Impact Expected
2025-12-04,8:30am,USD,Unemployment Claims,High Impact Expected
2025-12-05,10:00am,USD,Core PCE Price Index m/m,High Impact Expected
2025-12-05,10:00am,USD,Prelim UoM Consumer Sentiment,High Impact Expected
2025-12-05,10:00am,USD,Prelim UoM Inflation Expectations,High Impact Expected
2025-12-09,10:00am,USD,JOLTS Job Openings,High Impact Expected
2025-12-09,8:15am,USD,ADP Weekly Employment Change,High Impact Expected
2025-12-10,2:00pm,USD,FOMC Economic Projections,High Impact Expected
2025-12-10,2:00pm,USD,FOMC Statement,High Impact Expected
2025-12-10,2:00pm,USD,Federal Funds Rate,High Impact Expected
2025-12-10,2:30pm,USD,FOMC Press Conference,High Impact Expected
2025-12-10,8:30am,USD,Employment Cost Index q/q,High Impact Expected
2025-12-11,8:30am,USD,Unemployment Claims,High Impact Expected
2025-12-16,8:15am,USD,ADP Weekly Employment Change,High Impact Expected
2025-12-16,8:30am,USD,Average Hourly Earnings m/m,High Impact Expected
2025-12-16,8:30am,USD,Core Retail Sales m/m,High Impact Expected
2025-12-16,8:30am,USD,Non-Farm Employment Change,High Impact Expected
2025-12-16,8:30am,USD,Retail Sales m/m,High Impact Expected
2025-12-16,8:30am,USD,Unemployment Rate,High Impact Expected
2025-12-16,9:45am,USD,Flash Manufacturing PMI,High Impact Expected
2025-12-16,9:45am,USD,Flash Services PMI,High Impact Expected
2025-12-18,8:30am,USD,CPI y/y,High Impact Expected
2025-12-18,8:30am,USD,Core CPI y/y,High Impact Expected
2025-12-18,8:30am,USD,Unemployment Claims,High Impact Expected
2025-12-23,8:30am,USD,Prelim GDP q/q,High Impact Expected
2025-12-24,8:30am,USD,Unemployment Claims,High Impact Expected
2025-12-30,2:00pm,USD,FOMC Meeting Minutes,High Impact Expected
2025-12-31,8:30am,USD,Unemployment Claims,High Impact Expected
2026-01-05,10:00am,USD,ISM Manufacturing PMI,High Impact Expected
2026-01-07,10:00am,USD,ISM Services PMI,High Impact Expected
2026-01-07,10:00am,USD,JOLTS Job Openings,High Impact Expected
2026-01-07,8:15am,USD,ADP Non-Farm Employment Change,High Impact Expected
2026-01-08,8:30am,USD,Unemployment Claims,High Impact Expected
2026-01-09,10:00am,USD,Prelim UoM Consumer Sentiment,High Impact Expected
2026-01-09,10:00am,USD,Prelim UoM Inflation Expectations,High Impact Expected
2026-01-09,8:30am,USD,Average Hourly Earnings m/m,High Impact Expected
2026-01-09,8:30am,USD,Non-Farm Employment Change,High Impact Expected
2026-01-09,8:30am,USD,Unemployment Rate,High Impact Expected
2026-01-13,8:30am,USD,CPI m/m,High Impact Expected
2026-01-13,8:30am,USD,CPI y/y,High Impact Expected
2026-01-13,8:30am,USD,Core CPI m/m,High Impact Expected
2026-01-13,8:30am,USD,Core CPI y/y,High Impact Expected
2026-01-14,8:30am,USD,Core PPI m/m,High Impact Expected
2026-01-14,8:30am,USD,Core Retail Sales m/m,High Impact Expected
2026-01-14,8:30am,USD,PPI m/m,High Impact Expected
2026-01-14,8:30am,USD,Retail Sales m/m,High Impact Expected
2026-01-15,8:30am,USD,Unemployment Claims,High Impact Expected
2026-01-21,8:30am,USD,President Trump Speaks,High Impact Expected
2026-01-22,10:00am,USD,Core PCE Price Index m/m,High Impact Expected
2026-01-22,8:30am,USD,Final GDP q/q,High Impact Expected
2026-01-22,8:30am,USD,Unemployment Claims,High Impact Expected
2026-01-23,9:45am,USD,Flash Manufacturing PMI,High Impact Expected
2026-01-23,9:45am,USD,Flash Services PMI,High Impact Expected
2026-01-28,2:00pm,USD,FOMC Statement,High Impact Expected
2026-01-28,2:00pm,USD,Federal Funds Rate,High Impact Expected
2026-01-28,2:30pm,USD,FOMC Press Conference,High Impact Expected
2026-01-29,8:30am,USD,Unemployment Claims,High Impact Expected
2026-01-30,8:30am,USD,Core PPI m/m,High Impact Expected
2026-01-30,8:30am,USD,PPI m/m,High Impact Expected
2026-02-02,10:00am,USD,ISM Manufacturing PMI,High Impact Expected
2026-02-04,10:00am,USD,ISM Services PMI,High Impact Expected
2026-02-04,8:15am,USD,ADP Non-Farm Employment Change,High Impact Expected
2026-02-05,10:00am,USD,JOLTS Job Openings,High Impact Expected
2026-02-05,8:30am,USD,Unemployment Claims,High Impact Expected
2026-02-06,10:00am,USD,Prelim UoM Consumer Sentiment,High Impact Expected
2026-02-06,10:00am,USD,Prelim UoM Inflation Expectations,High Impact Expected
2026-02-10,8:30am,USD,Core Retail Sales m/m,High Impact Expected
2026-02-10,8:30am,USD,Retail Sales m/m,High Impact Expected
2026-02-11,8:30am,USD,Average Hourly Earnings m/m,High Impact Expected
2026-02-11,8:30am,USD,Non-Farm Employment Change,High Impact Expected
2026-02-11,8:30am,USD,Unemployment Rate,High Impact Expected
2026-02-12,8:30am,USD,Unemployment Claims,High Impact Expected
2026-02-13,8:30am,USD,CPI m/m,High Impact Expected
2026-02-13,8:30am,USD,CPI y/y,High Impact Expected
2026-02-13,8:30am,USD,Core CPI m/m,High Impact Expected
2026-02-13,8:30am,USD,Core CPI y/y,High Impact Expected
2026-02-18,2:00pm,USD,FOMC Meeting Minutes,High Impact Expected
2026-02-19,8:30am,USD,Unemployment Claims,High Impact Expected
2026-02-20,12:45pm,USD,President Trump Speaks,High Impact Expected
2026-02-20,8:30am,USD,Advance GDP q/q,High Impact Expected
2026-02-20,8:30am,USD,Core PCE Price Index m/m,High Impact Expected
2026-02-20,9:45am,USD,Flash Manufacturing PMI,High Impact Expected
2026-02-20,9:45am,USD,Flash Services PMI,High Impact Expected
2026-02-24,9:00pm,USD,President Trump Speaks,High Impact Expected
2026-02-26,8:30am,USD,Unemployment Claims,High Impact Expected
2026-02-27,8:30am,USD,Core PPI m/m,High Impact Expected
2026-02-27,8:30am,USD,PPI m/m,High Impact Expected
2026-03-02,10:00am,USD,ISM Manufacturing PMI,High Impact Expected
2026-03-04,10:00am,USD,ISM Services PMI,High Impact Expected
2026-03-04,8:15am,USD,ADP Non-Farm Employment Change,High Impact Expected
2026-03-05,8:30am,USD,Unemployment Claims,High Impact Expected
2026-03-06,8:30am,USD,Average Hourly Earnings m/m,High Impact Expected
2026-03-06,8:30am,USD,Core Retail Sales m/m,High Impact Expected
2026-03-06,8:30am,USD,Non-Farm Employment Change,High Impact Expected
2026-03-06,8:30am,USD,Retail Sales m/m,High Impact Expected
2026-03-06,8:30am,USD,Unemployment Rate,High Impact Expected
2026-03-11,8:30am,USD,CPI m/m,High Impact Expected
2026-03-11,8:30am,USD,CPI y/y,High Impact Expected
2026-03-11,8:30am,USD,Core CPI m/m,High Impact Expected
2026-03-11,8:30am,USD,Core CPI y/y,High Impact Expected
2026-03-12,8:30am,USD,Unemployment Claims,High Impact Expected
2026-03-13,10:00am,USD,JOLTS Job Openings,High Impact Expected
2026-03-13,8:30am,USD,Core PCE Price Index m/m,High Impact Expected
2026-03-13,8:30am,USD,Prelim GDP q/q,High Impact Expected
2026-03-18,2:00pm,USD,FOMC Economic Projections,High Impact Expected
2026-03-18,2:00pm,USD,FOMC Statement,High Impact Expected
2026-03-18,2:00pm,USD,Federal Funds Rate,High Impact Expected
2026-03-18,2:30pm,USD,FOMC Press Conference,High Impact Expected
2026-03-18,8:30am,USD,Core PPI m/m,High Impact Expected
2026-03-18,8:30am,USD,PPI m/m,High Impact Expected
2026-03-19,8:30am,USD,Unemployment Claims,High Impact Expected
2026-03-24,9:45am,USD,Flash Manufacturing PMI,High Impact Expected
2026-03-24,9:45am,USD,Flash Services PMI,High Impact Expected
2026-03-26,8:30am,USD,Unemployment Claims,High Impact Expected
2026-03-30,10:30am,USD,FOMC Member Powell Speaks,High Impact Expected
2026-03-31,10:00am,USD,JOLTS Job Openings,High Impact Expected
2026-04-01,10:00am,USD,ISM Manufacturing PMI,High Impact Expected
2026-04-01,8:15am,USD,ADP Non-Farm Employment Change,High Impact Expected
2026-04-01,8:30am,USD,Core Retail Sales m/m,High Impact Expected
2026-04-01,8:30am,USD,Retail Sales m/m,High Impact Expected
2026-04-01,9:00pm,USD,President Trump Speaks,High Impact Expected
2026-04-02,8:30am,USD,Unemployment Claims,High Impact Expected
2026-04-03,8:30am,USD,Average Hourly Earnings m/m,High Impact Expected
2026-04-03,8:30am,USD,Non-Farm Employment Change,High Impact Expected
2026-04-03,8:30am,USD,Unemployment Rate,High Impact Expected
2026-04-06,10:00am,USD,ISM Services PMI,High Impact Expected
2026-04-06,1:00pm,USD,President Trump Speaks,High Impact Expected
2026-04-08,2:00pm,USD,FOMC Meeting Minutes,High Impact Expected
2026-04-09,8:30am,USD,Core PCE Price Index m/m,High Impact Expected
2026-04-09,8:30am,USD,Final GDP q/q,High Impact Expected
2026-04-10,8:30am,USD,CPI m/m,High Impact Expected
2026-04-10,8:30am,USD,CPI y/y,High Impact Expected
2026-04-10,8:30am,USD,Core CPI m/m,High Impact Expected
2026-04-10,8:30am,USD,Core CPI y/y,High Impact Expected
2026-04-14,8:30am,USD,Core PPI m/m,High Impact Expected
2026-04-14,8:30am,USD,PPI m/m,High Impact Expected
2026-04-21,10:00am,USD,Fed Chairman Warsh Testifies,High Impact Expected
2026-04-21,8:30am,USD,Core Retail Sales m/m,High Impact Expected
2026-04-21,8:30am,USD,Retail Sales m/m,High Impact Expected
2026-04-29,2:00pm,USD,FOMC Statement,High Impact Expected
2026-04-29,2:00pm,USD,Federal Funds Rate,High Impact Expected
2026-04-29,2:30pm,USD,FOMC Press Conference,High Impact Expected
2026-04-30,8:30am,USD,Advance GDP q/q,High Impact Expected
2026-04-30,8:30am,USD,Core PCE Price Index m/m,High Impact Expected
2026-04-30,8:30am,USD,Employment Cost Index q/q,High Impact Expected
2026-05-05,10:00am,USD,ISM Services PMI,High Impact Expected
2026-05-05,10:00am,USD,JOLTS Job Openings,High Impact Expected
2026-05-08,8:30am,USD,Average Hourly Earnings m/m,High Impact Expected
2026-05-08,8:30am,USD,Non-Farm Employment Change,High Impact Expected
2026-05-08,8:30am,USD,Unemployment Rate,High Impact Expected
2026-05-12,8:30am,USD,CPI m/m,High Impact Expected
2026-05-12,8:30am,USD,CPI y/y,High Impact Expected
2026-05-12,8:30am,USD,Core CPI m/m,High Impact Expected
2026-05-12,8:30am,USD,Core CPI y/y,High Impact Expected
2026-05-13,2:40pm,USD,Fed Chair Nomination Vote,High Impact Expected
2026-05-13,8:30am,USD,Core PPI m/m,High Impact Expected
2026-05-13,8:30am,USD,PPI m/m,High Impact Expected
2026-05-14,8:30am,USD,Core Retail Sales m/m,High Impact Expected
2026-05-14,8:30am,USD,Retail Sales m/m,High Impact Expected
2026-05-20,2:00pm,USD,FOMC Meeting Minutes,High Impact Expected
2026-05-28,8:30am,USD,Core PCE Price Index m/m,High Impact Expected
2026-05-28,8:30am,USD,Prelim GDP q/q,High Impact Expected
